TimePoint,Group,contrast,estimate,std_error,df,t_ratio,p_value_raw,Contrast_Type,Cytokine,p_value_FDR,Significant_FDR
X3min,.,Female - Male,-260564.67054863757,58284.065929815195,18.0,-4.470598720109981,0.0002955654059460831,Between-Group,VCAM-1,0.011337713420037853,True
X1hr,.,Female - Male,-169676.8078544272,55368.767486866716,18.0,-3.0644859106656828,0.006677980189278811,Between-Group,VCAM-1,0.052234312432407844,False
X2hrs,.,Female - Male,-243354.29781045826,59897.25285978359,18.0,-4.06286242175644,0.0007301366478211221,Between-Group,VCAM-1,0.014894787615550891,True
.,Female,X3min - X1hr,79784.55915521376,42641.80321469303,18.0,1.8710409302700994,0.07768660499677474,Within-Group,VCAM-1,0.23080113927974227,False
.,Female,X3min - X2hrs,110579.3858779799,42367.1391814733,18.0,2.610027205385043,0.017721617841654255,Within-Group,VCAM-1,0.0950058568055643,False
.,Female,X1hr - X2hrs,30794.82672276614,24027.084240631277,18.0,1.2816714010887011,0.2162222377031998,Within-Group,VCAM-1,0.4692482605473698,False
.,Male,X3min - X1hr,170672.42184942414,42641.80321469303,18.0,4.002467273490343,0.0008352270630751415,Within-Group,VCAM-1,0.015794145813971514,True
.,Male,X3min - X2hrs,127789.75861615922,42367.1391814733,18.0,3.0162470510173205,0.0074184880764435355,Within-Group,VCAM-1,0.05536725247296883,False
.,Male,X1hr - X2hrs,-42882.66323326492,24027.084240631277,18.0,-1.7847635112023996,0.09116342360636347,Within-Group,VCAM-1,0.25360006930497475,False
X3min,.,Female - Male,-0.9392561434447158,0.5187667643300944,18.0,-1.8105557410903477,0.08693497923967468,Between-Group,MIP-1a,0.24699305414758224,False
X1hr,.,Female - Male,-1.0049385321421938,0.42807415984606945,18.0,-2.34758045779628,0.030530684823418412,Between-Group,MIP-1a,0.14141623017564842,False
X2hrs,.,Female - Male,-0.9013138542862541,0.5666371826893037,18.0,-1.5906366222007335,0.12910076640959975,Between-Group,MIP-1a,0.3319733993389708,False
.,Female,X3min - X1hr,0.46405625624972235,0.40004214644644026,18.0,1.1600184139894185,0.26119716420252664,Within-Group,MIP-1a,0.5049245216774422,False
.,Female,X3min - X2hrs,0.32165377885296126,0.36141730799486177,18.0,0.889978901778368,0.38521798794179984,Within-Group,MIP-1a,0.6063299073620164,False
.,Female,X1hr - X2hrs,-0.1424024773967611,0.28972849847448745,18.0,-0.4915031767553256,0.6290102587505946,Within-Group,MIP-1a,0.7824273950312274,False
.,Male,X3min - X1hr,0.39837386755224435,0.40004214644644026,18.0,0.995829742168381,0.3325324031312067,Within-Group,MIP-1a,0.5691657627787996,False
.,Male,X3min - X2hrs,0.3595960680114229,0.36141730799486177,18.0,0.9949608390546012,0.3329433710372717,Within-Group,MIP-1a,0.5691657627787996,False
.,Male,X1hr - X2hrs,-0.038777799540821445,0.2897284984744875,18.0,-0.13384185451206515,0.8950127175963115,Within-Group,MIP-1a,0.9638529861910758,False
X3min,.,Female - Male,-49.45478421200292,57.22883162168019,18.0,-0.8641585510417409,0.3988705728878965,Between-Group,VEGF1,0.6164363399176582,False
X1hr,.,Female - Male,-34.90027528702501,30.70940621830806,18.0,-1.1364685803080905,0.270665044461627,Between-Group,VEGF1,0.5063483029081349,False
X2hrs,.,Female - Male,-25.098778836379132,38.08492975447085,18.0,-0.6590212716207714,0.518224725088146,Between-Group,VEGF1,0.6955121310393538,False
.,Female,X3min - X1hr,1.5668313923962742,19.529560476227985,18.0,0.08022870736407367,0.9369406380435334,Within-Group,VEGF1,0.9735659078972674,False
.,Female,X3min - X2hrs,-2.889999831296084,14.54498228484687,18.0,-0.19869393957990028,0.8447291679902575,Within-Group,VEGF1,0.9411109602393828,False
.,Female,X1hr - X2hrs,-4.456831223692358,6.698791185146513,18.0,-0.6653187269928135,0.51428216208941,Within-Group,VEGF1,0.6938341224522534,False
.,Male,X3min - X1hr,16.121340317374184,19.529560476227985,18.0,0.8254840316041727,0.41990340065189924,Within-Group,VEGF1,0.6237400029101027,False
.,Male,X3min - X2hrs,21.466005544327704,14.544982284846872,18.0,1.475835798486412,0.15726743123975231,Within-Group,VEGF1,0.37596745280753285,False
.,Male,X1hr - X2hrs,5.34466522695352,6.698791185146509,18.0,0.7978551770361875,0.43535460788558755,Within-Group,VEGF1,0.6343738572047133,False
X3min,.,Female - Male,-68.9865451102493,44.472797465178374,18.0,-1.55120768294967,0.13825621944255023,Between-Group,MDC,0.3439544971497591,False
X1hr,.,Female - Male,-86.58003895819942,39.40308432812982,18.0,-2.1972909084274406,0.041331065678316105,Between-Group,MDC,0.16720785151521217,False
X2hrs,.,Female - Male,-76.68887115565602,42.395901111573295,18.0,-1.8088746587514182,0.08720525983489906,Between-Group,MDC,0.24699305414758224,False
.,Female,X3min - X1hr,115.177496867077,22.991872327064435,18.0,5.0094874931737525,9.095492004389736e-05,Within-Group,MDC,0.011250476728142635,True
.,Female,X3min - X2hrs,73.52865910267855,27.26199258821293,18.0,2.697112430969906,0.014741777961978333,Within-Group,MDC,0.08488788469229584,False
.,Female,X1hr - X2hrs,-41.64883776439845,16.351364262597503,18.0,-2.5471169925354173,0.0202212700744805,Within-Group,MDC,0.10312847737985056,False
.,Male,X3min - X1hr,97.58400301912687,22.991872327064435,18.0,4.244282572161718,0.0004878138776034126,Within-Group,MDC,0.013923658774282227,True
.,Male,X3min - X2hrs,65.82633305727182,27.26199258821293,18.0,2.414582604124567,0.026617353226923726,Within-Group,MDC,0.12530630903751785,False
.,Male,X1hr - X2hrs,-31.757669961855044,16.351364262597503,18.0,-1.94220307564784,0.0679272206671963,Within-Group,MDC,0.2107487598884552,False
X3min,.,Female - Male,18073476.905319124,12477968.48032117,18.0,1.4484310433883971,0.1646928432319864,Between-Group,SAA,0.3871468107356948,False
X1hr,.,Female - Male,4475636.65374821,1518514.2332035617,18.0,2.947378796908673,0.008615453083874508,Between-Group,SAA,0.05991656008330908,False
X2hrs,.,Female - Male,4094133.16882308,1800546.548443451,18.0,2.2738280064808127,0.03545377016444703,Between-Group,SAA,0.1549836238617256,False
.,Female,X3min - X1hr,14208882.241097545,9094033.433108717,18.0,1.562440070801495,0.13559427975408206,Within-Group,SAA,0.3429078479731332,False
.,Female,X3min - X2hrs,14424099.21578629,8951477.588667005,18.0,1.6113651710470551,0.12449588784750217,Within-Group,SAA,0.3256046297550057,False
.,Female,X1hr - X2hrs,215216.97468874417,1383648.2585874656,18.0,0.15554312546777907,0.8781241920355749,Within-Group,SAA,0.9636060907201054,False
.,Male,X3min - X1hr,611041.9895266308,9094033.433108717,18.0,0.06719152662250015,0.9471699539207963,Within-Group,SAA,0.9791689388505529,False
.,Male,X3min - X2hrs,444755.47929024557,8951477.588667005,18.0,0.04968514693633675,0.960920473501164,Within-Group,SAA,0.983416939435974,False
.,Male,X1hr - X2hrs,-166286.51023638528,1383648.2585874656,18.0,-0.1201797560936067,0.9056720322544232,Within-Group,SAA,0.9656294141806742,False
X3min,.,Female - Male,-0.9020605429844886,1.0612991349164425,18.0,-0.8499588036086632,0.40651190572896656,Between-Group,IL-8,0.6219632157653189,False
X1hr,.,Female - Male,-1.2346723230443253,1.235963743106302,18.0,-0.9989551311119119,0.33105711756783407,Between-Group,IL-8,0.5691657627787996,False
X2hrs,.,Female - Male,0.08185833218214074,0.9505816856900416,18.0,0.08611393782820309,0.9323265184345373,Between-Group,IL-8,0.9735659078972674,False
.,Female,X3min - X1hr,-0.00785078887412749,0.5353956819134503,18.0,-0.014663526695003516,0.9884619267617833,Within-Group,IL-8,0.9884619267617833,False
.,Female,X3min - X2hrs,0.3966237375742437,0.5954484829843326,18.0,0.6660924478074111,0.5137989388556219,Within-Group,IL-8,0.6938341224522534,False
.,Female,X1hr - X2hrs,0.4044745264483712,0.5479160857479692,18.0,0.7382052415858833,0.46990577017010837,Within-Group,IL-8,0.6719213349161363,False
.,Male,X3min - X1hr,-0.3404625689339642,0.5353956819134503,18.0,-0.6359083205848527,0.5328389448840563,Within-Group,IL-8,0.7027961945453501,False
.,Male,X3min - X2hrs,1.380542612740873,0.5954484829843326,18.0,2.3184921150889855,0.03239119312185624,Within-Group,IL-8,0.14576036904835307,False
.,Male,X1hr - X2hrs,1.7210051816748373,0.5479160857479692,18.0,3.141001380394709,0.005648693442242587,Within-Group,IL-8,0.049385719809320903,True
X3min,.,Female - Male,-23.54933699258592,11.54405004626419,18.0,-2.0399545132088894,0.05630718251518242,Between-Group,IL-16,0.19579543010961162,False
X1hr,.,Female - Male,-17.517508421774064,5.917209894902165,18.0,-2.9604338417783467,0.008375024462411408,Between-Group,IL-16,0.059599011290648624,False
X2hrs,.,Female - Male,-27.941344308568432,8.283533350430554,18.0,-3.3731190696680327,0.0033871969973898676,Between-Group,IL-16,0.03239007128754061,True
.,Female,X3min - X1hr,22.402827977441888,5.783818451213148,18.0,3.8733629290772305,0.001113596579383959,Within-Group,IL-16,0.016226693013880543,True
.,Female,X3min - X2hrs,21.168794053714272,5.768109128654576,18.0,3.6699711433254283,0.0017519821962791462,Within-Group,IL-16,0.02144426208245675,True
.,Female,X1hr - X2hrs,-1.2340339237276137,2.99680463223985,18.0,-0.4117832408732234,0.6853603421267311,Within-Group,IL-16,0.8328981065505968,False
.,Male,X3min - X1hr,28.43465654825374,5.783818451213148,18.0,4.916242926381898,0.00011133028314817336,Within-Group,IL-16,0.011250476728142635,True
.,Male,X3min - X2hrs,16.77678673773176,5.768109128654576,18.0,2.9085418398880023,0.009370858161063382,Within-Group,IL-16,0.06236309156730471,False
.,Male,X1hr - X2hrs,-11.657869810521982,2.99680463223985,18.0,-3.8901000369212397,0.0010728256905019723,Within-Group,IL-16,0.016226693013880543,True
X3min,.,Female - Male,-0.5522026274696078,0.5631293759418917,18.0,-0.9805963799100201,0.33978893252082876,Between-Group,TNF-a,0.5694977302192997,False
X1hr,.,Female - Male,-0.46622080531575916,0.4781353372365699,18.0,-0.9750812563035562,0.3424430796089907,Between-Group,TNF-a,0.5694977302192997,False
X2hrs,.,Female - Male,-0.4719701691052346,0.569006682622078,18.0,-0.8294633147897615,0.4177071402289888,Between-Group,TNF-a,0.6235338303331527,False
.,Female,X3min - X1hr,0.06860039031368259,0.07760503818266394,18.0,0.883968256702786,0.38836817595736994,Within-Group,TNF-a,0.6063299073620164,False
.,Female,X3min - X2hrs,-0.02417072090754857,0.06373181347574182,18.0,-0.3792567571727525,0.708934166576862,Within-Group,TNF-a,0.8473978709864054,False
.,Female,X1hr - X2hrs,-0.09277111122123116,0.08030887080389094,18.0,-1.1551788774090996,0.2631222948190186,Within-Group,TNF-a,0.5049245216774422,False
.,Male,X3min - X1hr,0.15458221246753123,0.07760503818266394,18.0,1.9919094956654901,0.06177425229838643,Within-Group,TNF-a,0.20109490641815156,False
.,Male,X3min - X2hrs,0.056061737456824634,0.06373181347574182,18.0,0.8796507489648535,0.3906414668251543,Within-Group,TNF-a,0.6067831921243514,False
.,Male,X1hr - X2hrs,-0.0985204750107066,0.08030887080389094,18.0,-1.2267695215300338,0.23571457418017752,Within-Group,TNF-a,0.49425179373248146,False
X3min,.,Female - Male,-13.779159150493232,7.637802438096255,18.0,-1.8040737845960477,0.08798118595453093,Between-Group,MCP-4,0.24699305414758224,False
X1hr,.,Female - Male,-12.992893214279668,3.3057430269181056,18.0,-3.9304002484405896,0.000980682256423068,Between-Group,MCP-4,0.015794145813971514,True
X2hrs,.,Female - Male,-9.704567999262407,4.3577059300395184,18.0,-2.2269901078833008,0.03895141410029942,Between-Group,MCP-4,0.16106936100934624,False
.,Female,X3min - X1hr,7.574239105728791,4.363562249272032,18.0,1.7357926100383678,0.09968684933406392,Within-Group,MCP-4,0.2748123954614735,False
.,Female,X3min - X2hrs,8.587999837923558,4.497985742817791,18.0,1.909299034937259,0.07229546755840838,Within-Group,MCP-4,0.2190337928007224,False
.,Female,X1hr - X2hrs,1.0137607321947675,2.5126462993945626,18.0,0.40346336547210776,0.6913598662217373,Within-Group,MCP-4,0.8328981065505968,False
.,Male,X3min - X1hr,8.360505041942355,4.363562249272032,18.0,1.9159816141816535,0.07138861868127534,Within-Group,MCP-4,0.21844917316470255,False
.,Male,X3min - X2hrs,12.662590989154385,4.497985742817791,18.0,2.8151692142140554,0.011457918927016248,Within-Group,MCP-4,0.06874751356209749,False
.,Male,X1hr - X2hrs,4.302085947212029,2.512646299394563,18.0,1.7121733163353081,0.10403879463703682,Within-Group,MCP-4,0.28424884963333275,False
X3min,.,Female - Male,-1892.686638894412,418.22651221661926,18.0,-4.525506115963544,0.0002618524298681998,Between-Group,Tie-2,0.011337713420037853,True
X1hr,.,Female - Male,-1229.4830631082932,276.1295184580363,18.0,-4.4525593278617155,0.0003075758760422578,Between-Group,Tie-2,0.011337713420037853,True
X2hrs,.,Female - Male,-1164.1615188275725,315.28766342543685,18.0,-3.692378909404706,0.0016667092402108544,Between-Group,Tie-2,0.021352539255566905,True
.,Female,X3min - X1hr,593.8634629642014,317.3989524901448,18.0,1.871031578097728,0.07768796518239691,Within-Group,Tie-2,0.23080113927974227,False
.,Female,X3min - X2hrs,723.4288319870873,321.33931526217617,18.0,2.251292629402823,0.0370987272493461,Within-Group,Tie-2,0.15766959080972093,False
.,Female,X1hr - X2hrs,129.56536902288587,183.6711648723318,18.0,0.7054203043408889,0.48957788838504035,Within-Group,Tie-2,0.6872056598432218,False
.,Male,X3min - X1hr,1257.06703875032,317.3989524901448,18.0,3.9605267405202036,0.0009170173760426312,Within-Group,Tie-2,0.015794145813971514,True
.,Male,X3min - X2hrs,1451.9539520539267,321.33931526217617,18.0,4.51844478124097,0.0002659597887206546,Within-Group,Tie-2,0.011337713420037853,True
.,Male,X1hr - X2hrs,194.88691330360655,183.6711648723318,18.0,1.0610642853986947,0.30269094238534966,Within-Group,Tie-2,0.5513299307733154,False
X3min,.,Female - Male,-68.99459244898779,32.29480965265676,18.0,-2.1363987956904364,0.046632248634357054,Between-Group,Flt-1,0.1761662726186822,False
X1hr,.,Female - Male,-44.72849731748865,14.630939822288514,18.0,-3.0571171681910725,0.006786251230392951,Between-Group,Flt-1,0.052234312432407844,False
X2hrs,.,Female - Male,-35.628858841400074,12.331891834243214,18.0,-2.8891640731445447,0.009771329119363813,Between-Group,Flt-1,0.06236309156730471,False
.,Female,X3min - X1hr,45.523374538422175,17.10184831266579,18.0,2.6618979250743986,0.015884177531308757,Within-Group,Flt-1,0.08837378771964509,False
.,Female,X3min - X2hrs,47.1529758227891,20.465224279989698,18.0,2.304053704844755,0.03335329847781493,Within-Group,Flt-1,0.14791462803204883,False
.,Female,X1hr - X2hrs,1.629601284366931,6.8898732833451435,18.0,0.23652122721997776,0.8156988936228049,Within-Group,Flt-1,0.9328249062422815,False
.,Male,X3min - X1hr,69.7894696699213,17.10184831266579,18.0,4.080814447303603,0.0007015396181702517,Within-Group,Flt-1,0.014894787615550891,True
.,Male,X3min - X2hrs,80.51870943037682,20.465224279989698,18.0,3.9344161749111968,0.0009719461460478596,Within-Group,Flt-1,0.015794145813971514,True
.,Male,X1hr - X2hrs,10.72923976045551,6.8898732833451435,18.0,1.557247763379226,0.13681941223417002,Within-Group,Flt-1,0.3431700011775084,False
X3min,.,Female - Male,-9.504953885615926,7.7497597416341755,18.0,-1.2264836849782954,0.23581948328412516,Between-Group,MIP-1ß,0.49425179373248146,False
X1hr,.,Female - Male,-11.235157397607281,5.70334383786205,18.0,-1.9699246121234875,0.06443131028554766,Between-Group,MIP-1ß,0.20606384654672855,False
X2hrs,.,Female - Male,-9.328865526239762,7.004671209046342,18.0,-1.3318063400594429,0.1995435067901388,Between-Group,MIP-1ß,0.45229861539098126,False
.,Female,X3min - X1hr,4.37697841937506,4.839900242651775,18.0,0.9043530238087963,0.37775341826771813,Within-Group,MIP-1ß,0.6063299073620164,False
.,Female,X3min - X2hrs,4.518786403884861,4.128735160603383,18.0,1.0944723330775412,0.28817791003035426,Within-Group,MIP-1ß,0.5312195208993278,False
.,Female,X1hr - X2hrs,0.1418079845098008,3.5717692359071855,18.0,0.03970244860283739,0.9687673985065759,Within-Group,MIP-1ß,0.9839416461473521,False
.,Male,X3min - X1hr,2.646774907383705,4.839900242651775,18.0,0.5468655911663047,0.5911868930280983,Within-Group,MIP-1ß,0.7617872453772732,False
.,Male,X3min - X2hrs,4.6948747632610255,4.128735160603383,18.0,1.1371218013835758,0.2703990261673043,Within-Group,MIP-1ß,0.5063483029081349,False
.,Male,X1hr - X2hrs,2.0480998558773207,3.571769235907186,18.0,0.573413264017077,0.573460004857014,Within-Group,MIP-1ß,0.7467181339840266,False
X3min,.,Female - Male,-0.05873250074047498,0.2500961480465922,18.0,-0.23483968545382508,0.8169839048135015,Between-Group,IL-12p70,0.9328249062422815,False
X1hr,.,Female - Male,-0.0657528082483865,0.22564815912769878,18.0,-0.29139527883839583,0.7740803907819827,Between-Group,IL-12p70,0.9110330753049488,False
X2hrs,.,Female - Male,-0.08731069891801008,0.23957840261101376,18.0,-0.36443476526458934,0.7197794930831738,Between-Group,IL-12p70,0.85701371549981,False
.,Female,X3min - X1hr,-0.0063088011218766366,0.06203491575022408,18.0,-0.10169758507093399,0.9201210331672511,Within-Group,IL-12p70,0.9708863315488926,False
.,Female,X3min - X2hrs,-0.042456773048166946,0.07791471951487515,18.0,-0.5449133785312706,0.5925011908489902,Within-Group,IL-12p70,0.7617872453772732,False
.,Female,X1hr - X2hrs,-0.03614797192629031,0.04044809144402197,18.0,-0.8936879500561158,0.3832825472142831,Within-Group,IL-12p70,0.6063299073620164,False
.,Male,X3min - X1hr,-0.013329108629788158,0.06203491575022408,18.0,-0.21486462048979266,0.8322884354897686,Within-Group,IL-12p70,0.9363244899259897,False
.,Male,X3min - X2hrs,-0.07103497122570204,0.07791471951487515,18.0,-0.9117015586784002,0.37397486960653803,Within-Group,IL-12p70,0.6054831222201091,False
.,Male,X1hr - X2hrs,-0.057705862595913884,0.04044809144402197,18.0,-1.4266646592157695,0.1707925129724175,Within-Group,IL-12p70,0.39295119525984773,False
X3min,.,Female - Male,3760648.7021524375,1357975.4415658403,18.0,2.769305384356692,0.012640357427732648,Between-Group,CRP,0.07438364178627288,False
X1hr,.,Female - Male,2717084.859157702,1010236.7480151583,18.0,2.689552587050548,0.014980214945699268,Between-Group,CRP,0.08488788469229584,False
X2hrs,.,Female - Male,2407733.6953351144,1098447.7083115883,18.0,2.191942026112481,0.04177358021016365,Between-Group,CRP,0.16720785151521217,False
.,Female,X3min - X1hr,1161192.0287966703,902145.1531175177,18.0,1.2871454496917392,0.21434971624904725,Within-Group,CRP,0.4688019542591952,False
.,Female,X3min - X2hrs,1439697.1431092157,543267.3073084466,18.0,2.650071380591673,0.016286424965249804,Within-Group,CRP,0.08899367927440072,False
.,Female,X1hr - X2hrs,278505.1143125454,719560.927773227,18.0,0.3870486897814407,0.7032581657692769,Within-Group,CRP,0.8439097989231322,False
.,Male,X3min - X1hr,117628.18580193468,902145.1531175178,18.0,0.13038720586753721,0.8977062126289432,Within-Group,CRP,0.9638529861910758,False
.,Male,X3min - X2hrs,86782.1362918925,543267.3073084466,18.0,0.15974113502585732,0.8748638573915983,Within-Group,CRP,0.9636060907201054,False
.,Male,X1hr - X2hrs,-30846.049510042183,719560.927773227,18.0,-0.04286787722826921,0.9662788107735545,Within-Group,CRP,0.9839416461473521,False
X3min,.,Female - Male,-13.614004488096146,11.634982223125256,18.0,-1.1700924184514403,0.2572237291310268,Between-Group,IFN-<U+03B3>,0.5049245216774422,False
X1hr,.,Female - Male,-9.758156797619076,9.985925637896177,18.0,-0.9771910137791606,0.3414260667930127,Between-Group,IFN-<U+03B3>,0.5694977302192997,False
X2hrs,.,Female - Male,-10.557370278322662,11.276371357192518,18.0,-0.9362382582042893,0.36154279522889154,Between-Group,IFN-<U+03B3>,0.5947962115055958,False
.,Female,X3min - X1hr,-0.706567998253858,1.4052593880676159,18.0,-0.5028025461018023,0.6211994287337237,Within-Group,IFN-<U+03B3>,0.7790451852152436,False
.,Female,X3min - X2hrs,-1.4722384852902124,1.5166565620912107,18.0,-0.9707131608359948,0.34455540328558887,Within-Group,IFN-<U+03B3>,0.5699132616507578,False
.,Female,X1hr - X2hrs,-0.7656704870363544,1.4976624062688568,18.0,-0.5112437114208388,0.6153943819595021,Within-Group,IFN-<U+03B3>,0.775881394945692,False
.,Male,X3min - X1hr,3.149279692223212,1.4052593880676156,18.0,2.2410664671337397,0.037868179827203925,Within-Group,IFN-<U+03B3>,0.15873510996060822,False
.,Male,X3min - X2hrs,1.5843957244832723,1.5166565620912107,18.0,1.0446634815588447,0.3100058488730895,Within-Group,IFN-<U+03B3>,0.5539169626859315,False
.,Male,X1hr - X2hrs,-1.5648839677399398,1.4976624062688573,18.0,-1.0448843218536494,0.309906517471634,Within-Group,IFN-<U+03B3>,0.5539169626859315,False
X3min,.,Female - Male,-108.3679969480844,132.89590512309846,18.0,-0.8154351847613783,0.42548229216500666,Between-Group,VEGF-C,0.6289738232004446,False
X1hr,.,Female - Male,-123.99485835924966,106.74908066758128,18.0,-1.1615543439233174,0.26058839682485135,Between-Group,VEGF-C,0.5049245216774422,False
X2hrs,.,Female - Male,-15.3012143582275,85.56819337482287,18.0,-0.17881894842867688,0.8600771939909484,Between-Group,VEGF-C,0.9535638455117036,False
.,Female,X3min - X1hr,42.530316550119906,35.43028062295607,18.0,1.2003945721661478,0.24554637463357923,Within-Group,VEGF-C,0.5009146042525017,False
.,Female,X3min - X2hrs,34.74936070130171,49.1144087598564,18.0,0.7075186605871159,0.4883045355376877,Within-Group,VEGF-C,0.6872056598432218,False
.,Female,X1hr - X2hrs,-7.780955848818193,29.611887449742888,18.0,-0.26276460296642634,0.7957159848843625,Within-Group,VEGF-C,0.9223071642977837,False
.,Male,X3min - X1hr,26.90345513895464,35.43028062295607,18.0,0.759335084733235,0.4574819084678837,Within-Group,VEGF-C,0.660327660335719,False
.,Male,X3min - X2hrs,127.81614329115861,49.1144087598564,18.0,2.6024164093293325,0.01800764606118539,Within-Group,VEGF-C,0.0950058568055643,False
.,Male,X1hr - X2hrs,100.91268815220397,29.611887449742888,18.0,3.40784383715737,0.0031365401249155494,Within-Group,VEGF-C,0.031450441984854006,True
X3min,.,Female - Male,-0.4156384484954419,0.35191599520620137,18.0,-1.1810729098911887,0.25294477651999847,Between-Group,PlGF,0.5049245216774422,False
X1hr,.,Female - Male,-0.6979389395703645,0.3802554692962276,18.0,-1.8354474713068605,0.08301797385217362,Between-Group,PlGF,0.24193809522633455,False
X2hrs,.,Female - Male,-0.38107035573787973,0.3271638054757441,18.0,-1.1647692970918577,0.25931759556022504,Between-Group,PlGF,0.5049245216774422,False
.,Female,X3min - X1hr,0.43642111278412277,0.19956973046932158,18.0,2.186810152811278,0.04220222411860241,Within-Group,PlGF,0.16720785151521217,False
.,Female,X3min - X2hrs,0.7982587327302848,0.18859345768302296,18.0,4.2326957813772745,0.000500523681428446,Within-Group,PlGF,0.013923658774282227,True
.,Female,X1hr - X2hrs,0.36183761994616204,0.16584094957778373,18.0,2.1818351912924303,0.042621609209759964,Within-Group,PlGF,0.16720785151521217,False
.,Male,X3min - X1hr,0.15412062170920024,0.1995697304693216,18.0,0.7722645180046083,0.44997929757285693,Within-Group,PlGF,0.6525766116459442,False
.,Male,X3min - X2hrs,0.832826825487847,0.18859345768302296,18.0,4.4159900121647615,0.000333462159412878,Within-Group,PlGF,0.011337713420037853,True
.,Male,X1hr - X2hrs,0.6787062037786468,0.16584094957778373,18.0,4.092512769051144,0.0006835132368831968,Within-Group,PlGF,0.014894787615550891,True
X3min,.,Female - Male,-1.0637244391889622,0.9226117372625771,18.0,-1.1529491726878218,0.26401282179212665,Between-Group,IL-13,0.5049245216774422,False
X1hr,.,Female - Male,-0.9398177743608123,0.7755959657000991,18.0,-1.2117362852867302,0.24128087957522668,Between-Group,IL-13,0.4988645212839146,False
X2hrs,.,Female - Male,-0.9622762114993918,0.7664272186623412,18.0,-1.255535017635294,0.22533925955710712,Between-Group,IL-13,0.4821944994718516,False
.,Female,X3min - X1hr,0.028899266584628047,0.21656550559994972,18.0,0.13344353480748763,0.8953232102364312,Within-Group,IL-13,0.9638529861910758,False
.,Female,X3min - X2hrs,0.03190184492245923,0.2058796481835821,18.0,0.15495385388463692,0.8785820238918608,Within-Group,IL-13,0.9636060907201054,False
.,Female,X1hr - X2hrs,0.0030025783378311854,0.1689881964059261,18.0,0.01776797670896907,0.9860194215345064,Within-Group,IL-13,0.9884619267617833,False
.,Male,X3min - X1hr,0.15280593141277798,0.21656550559994972,18.0,0.7055875818702564,0.48947630767367056,Within-Group,IL-13,0.6872056598432218,False
.,Male,X3min - X2hrs,0.13335007261202964,0.2058796481835821,18.0,0.6477088618935364,0.5253493251154449,Within-Group,IL-13,0.7019951680581927,False
.,Male,X1hr - X2hrs,-0.01945585880074835,0.1689881964059261,18.0,-0.11513146607005309,0.9096155462962121,Within-Group,IL-13,0.9664665179397254,False
X3min,.,Female - Male,-138877.85902501267,66967.79606264773,18.0,-2.0738006503169637,0.05272210091901355,Between-Group,ICAM-1,0.18759259164207145,False
X1hr,.,Female - Male,-107466.85192274505,53410.2587481088,18.0,-2.012101316145568,0.059420974179638486,Between-Group,ICAM-1,0.19763932716271063,False
X2hrs,.,Female - Male,-155821.11988691433,53942.77999217943,18.0,-2.888637180165819,0.009782445736047798,Between-Group,ICAM-1,0.06236309156730471,False
.,Female,X3min - X1hr,89492.21216952047,34966.652391775184,18.0,2.5593588761894384,0.019710085460689322,Within-Group,ICAM-1,0.10222518899950733,False
.,Female,X3min - X2hrs,109221.2460036589,36768.70455094317,18.0,2.970494809038825,0.008194184668223354,Within-Group,ICAM-1,0.059599011290648624,False
.,Female,X1hr - X2hrs,19729.033834138427,23740.49416016281,18.0,0.8310287772882284,0.4168451406970274,Within-Group,ICAM-1,0.6235338303331527,False
.,Male,X3min - X1hr,120903.21927178811,34966.652391775184,18.0,3.4576721247764293,0.002808542508049853,Within-Group,ICAM-1,0.030295864327034863,True
.,Male,X3min - X2hrs,92277.98514175725,36768.70455094317,18.0,2.5096882326628007,0.021863013841302608,Within-Group,ICAM-1,0.1096734792694852,False
.,Male,X1hr - X2hrs,-28625.234130030854,23740.49416016281,18.0,-1.2057556147278843,0.24352304278506348,Within-Group,ICAM-1,0.5001211482699962,False
X3min,.,Female - Male,-0.32683797504002793,0.1684539121218823,18.0,-1.9402219332463424,0.06818342231685316,Between-Group,IL-10,0.2107487598884552,False
X1hr,.,Female - Male,-0.3699362942668217,0.17613758996854956,18.0,-2.100268854211506,0.05006402932007882,Between-Group,IL-10,0.18237610680885855,False
X2hrs,.,Female - Male,-0.2540844012621078,0.16947817854087907,18.0,-1.4992160256243328,0.15115205833298787,Between-Group,IL-10,0.3700202387991543,False
.,Female,X3min - X1hr,-0.033048232152573964,0.04867857591918288,18.0,-0.678907127592255,0.5058330106410331,Within-Group,IL-10,0.6938341224522534,False
.,Female,X3min - X2hrs,-0.062177866677248395,0.04901801331007165,18.0,-1.2684697416015596,0.22079069765391934,Within-Group,IL-10,0.4757884048035163,False
.,Female,X1hr - X2hrs,-0.02912963452467443,0.05871864126717977,18.0,-0.4960883613115238,0.6258351873448265,Within-Group,IL-10,0.7816553768470077,False
.,Male,X3min - X1hr,-0.07614655137936771,0.04867857591918288,18.0,-1.564272371192364,0.13516414516049538,Within-Group,IL-10,0.3429078479731332,False
.,Male,X3min - X2hrs,0.010575707100671738,0.04901801331007165,18.0,0.21575144291902107,0.8316074530079338,Within-Group,IL-10,0.9363244899259897,False
.,Male,X1hr - X2hrs,0.08672225848003945,0.05871864126717977,18.0,1.4769118734447289,0.15698156881015451,Within-Group,IL-10,0.37596745280753285,False
X3min,.,Female - Male,-0.24201270350806695,0.2413633221638169,18.0,-1.0026904723486085,0.32929994783449323,Between-Group,IL-15,0.5691657627787996,False
X1hr,.,Female - Male,-0.28032812191311307,0.24552720510111886,18.0,-1.1417395550837703,0.2685240337633753,Between-Group,IL-15,0.5063483029081349,False
X2hrs,.,Female - Male,-0.2661489027852914,0.25550076235984714,18.0,-1.0416755720299864,0.3113520182417654,Between-Group,IL-15,0.5539169626859315,False
.,Female,X3min - X1hr,0.35345371195999703,0.0994847054821452,18.0,3.5528447337408298,0.002273519224073996,Within-Group,IL-15,0.02576655120617195,True
.,Female,X3min - X2hrs,0.3421533801643215,0.11202330459014988,18.0,3.054305364550072,0.006828014697046777,Within-Group,IL-15,0.052234312432407844,False
.,Female,X1hr - X2hrs,-0.011300331795675495,0.07831219119285637,18.0,-0.1442985009555742,0.8868680944982147,Within-Group,IL-15,0.9638529861910758,False
.,Male,X3min - X1hr,0.3151382935549509,0.0994847054821452,18.0,3.167705950654994,0.0053273103065895324,Within-Group,IL-15,0.049385719809320903,True
.,Male,X3min - X2hrs,0.3180171808870971,0.11202330459014988,18.0,2.838848416859326,0.010889807068084657,Within-Group,IL-15,0.0666456192566781,False
.,Male,X1hr - X2hrs,0.0028788873321461683,0.07831219119285637,18.0,0.03676167514016362,0.9710796638447724,Within-Group,IL-15,0.9839416461473521,False
X3min,.,Female - Male,-45.26631727899716,34.81073778035158,18.0,-1.300355010129865,0.20988334702491518,Between-Group,IL-12/IL-23p40,0.4687905415301025,False
X1hr,.,Female - Male,-42.33386195064407,32.38983513915737,18.0,-1.3070107263208934,0.20766079246870411,Between-Group,IL-12/IL-23p40,0.46723678305458427,False
X2hrs,.,Female - Male,-45.701666519247475,32.997214084642835,18.0,-1.3850159107982813,0.1829746440569327,Between-Group,IL-12/IL-23p40,0.41783762001060754,False
.,Female,X3min - X1hr,8.344941905116585,4.989814970299559,18.0,1.672395059694088,0.11173811533833485,Within-Group,IL-12/IL-23p40,0.2973205503785258,False
.,Female,X3min - X2hrs,12.305534157098826,5.071284481436954,18.0,2.426512297257684,0.025971798614220717,Within-Group,IL-12/IL-23p40,0.1241776621242428,False
.,Female,X1hr - X2hrs,3.9605922519822414,4.030905289027159,18.0,0.9825565147272692,0.33884907506775874,Within-Group,IL-12/IL-23p40,0.5694977302192997,False
.,Male,X3min - X1hr,11.27739723346967,4.989814970299559,18.0,2.2600832496986643,0.03644885063177118,Within-Group,IL-12/IL-23p40,0.15708941258199974,False
.,Male,X3min - X2hrs,11.870184916848508,5.071284481436954,18.0,2.3406663460309525,0.030963684384864198,Within-Group,IL-12/IL-23p40,0.14141623017564842,False
.,Male,X1hr - X2hrs,0.5927876833788375,4.030905289027159,18.0,0.1470606826194877,0.8847187709018449,Within-Group,IL-12/IL-23p40,0.9638529861910758,False
X3min,.,Female - Male,-0.12253730696705224,0.2155730291095103,18.0,-0.5684259643853858,0.5767692863191605,Between-Group,GM-CSF,0.7478449220917928,False
X1hr,.,Female - Male,-0.1626543596622867,0.25305954591161484,18.0,-0.6427513298356126,0.5284886615012394,Between-Group,GM-CSF,0.7020887774948574,False
X2hrs,.,Female - Male,-0.1997691470762386,0.24812706250677796,18.0,-0.8051082580755641,0.43126425268913327,Between-Group,GM-CSF,0.631420389104664,False
.,Female,X3min - X1hr,-0.02875396040228035,0.0426672845410949,18.0,-0.6739111877294661,0.5089302029350884,Within-Group,GM-CSF,0.6938341224522534,False
.,Female,X3min - X2hrs,0.013217276584077058,0.05506969015037787,18.0,0.2400100045594022,0.8130345368688118,Within-Group,GM-CSF,0.9328249062422815,False
.,Female,X1hr - X2hrs,0.04197123698635741,0.0466300885879884,18.0,0.9000891539624679,0.3799575245437219,Within-Group,GM-CSF,0.6063299073620164,False
.,Male,X3min - X1hr,-0.06887101309751481,0.042667284541094905,18.0,-1.6141409944000968,0.12388990719650192,Within-Group,GM-CSF,0.3256046297550057,False
.,Male,X3min - X2hrs,-0.06401456352510931,0.05506969015037787,18.0,-1.1624282495562592,0.2602424990986961,Within-Group,GM-CSF,0.5049245216774422,False
.,Male,X1hr - X2hrs,0.004856449572405497,0.0466300885879884,18.0,0.10414840973852418,0.9182032651827852,Within-Group,GM-CSF,0.9708863315488926,False
X3min,.,Female - Male,-0.19700913245835164,0.21326066193882665,18.0,-0.9237949965421344,0.36781195918702103,Between-Group,TNF-ß,0.5986726569746194,False
X1hr,.,Female - Male,-0.2421668932351293,0.18733816264221112,18.0,-1.2926725116741598,0.21247195488703205,Between-Group,TNF-ß,0.4688019542591952,False
X2hrs,.,Female - Male,-0.17963484813665107,0.17185772925356843,18.0,-1.0452532389253661,0.3097406337292345,Between-Group,TNF-ß,0.5539169626859315,False
.,Female,X3min - X1hr,0.030201966802115274,0.07234535894582297,18.0,0.41746930614764827,0.6812723991636718,Within-Group,TNF-ß,0.8328981065505968,False
.,Female,X3min - X2hrs,0.024741051336316794,0.06096604063267849,18.0,0.40581692823685367,0.6896605386756174,Within-Group,TNF-ß,0.8328981065505968,False
.,Female,X1hr - X2hrs,-0.00546091546579848,0.03995966348699937,18.0,-0.1366606970445373,0.8928159144270877,Within-Group,TNF-ß,0.9638529861910758,False
.,Male,X3min - X1hr,-0.014955793974662387,0.07234535894582297,18.0,-0.20672775963227003,0.8385429633531645,Within-Group,TNF-ß,0.9399052995826678,False
.,Male,X3min - X2hrs,0.04211533565801737,0.06096604063267849,18.0,0.6907999145255804,0.4985036695670103,Within-Group,TNF-ß,0.6938341224522534,False
.,Male,X1hr - X2hrs,0.057071129632679754,0.03995966348699937,18.0,1.428218474643749,0.17035107716270914,Within-Group,TNF-ß,0.39295119525984773,False
X3min,.,Female - Male,-21.437638950145455,19.137239915739357,18.0,-1.1202053715444171,0.2773509263016128,Between-Group,TARC,0.5143598996866274,False
X1hr,.,Female - Male,-29.581123023629413,12.089482482015592,18.0,-2.4468477511452225,0.02490508945067698,Between-Group,TARC,0.12096757733185963,False
X2hrs,.,Female - Male,-13.092478160568428,10.742867731468081,18.0,-1.218713521178135,0.23868507031333303,Between-Group,TARC,0.49685463616244835,False
.,Female,X3min - X1hr,8.674078947798348,10.457911836079878,18.0,0.8294274309975255,0.41772691247809246,Within-Group,TARC,0.6235338303331527,False
.,Female,X3min - X2hrs,10.982930554822541,9.678939260637314,18.0,1.1347246076321968,0.27137621463050365,Within-Group,TARC,0.5063483029081349,False
.,Female,X1hr - X2hrs,2.3088516070241942,5.2484872003848295,18.0,0.43990801899162574,0.6652402297354763,Within-Group,TARC,0.8208206060445795,False
.,Male,X3min - X1hr,0.5305948743143905,10.457911836079878,18.0,0.05073621604686262,0.9600945026696669,Within-Group,TARC,0.983416939435974,False
.,Male,X3min - X2hrs,19.32809134439957,9.678939260637314,18.0,1.996922475069536,0.06118232723112494,Within-Group,TARC,0.20109490641815156,False
.,Male,X1hr - X2hrs,18.79749647008518,5.2484872003848295,18.0,3.5815075377733434,0.002133156847694422,Within-Group,TARC,0.025105615207480503,True
X3min,.,Female - Male,1072.0280626084898,373.7425966056066,18.0,2.8683593262979112,0.01021967418029976,Between-Group,VEGF-D,0.06382082243207605,False
X1hr,.,Female - Male,405.80215864906194,253.95241192077768,18.0,1.5979456764350595,0.1274609162854659,Between-Group,VEGF-D,0.3305342405368862,False
X2hrs,.,Female - Male,448.7301025115261,298.3015470338696,18.0,1.5042835244182513,0.14985282677656026,Between-Group,VEGF-D,0.36979810478731806,False
.,Female,X3min - X1hr,883.5111621405229,216.38663322858912,18.0,4.083020974808498,0.0006981032927516971,Within-Group,VEGF-D,0.014894787615550891,True
.,Female,X3min - X2hrs,981.881918191821,176.6420144643433,18.0,5.558597829453662,2.8175674795672753e-05,Within-Group,VEGF-D,0.008621756487475863,True
.,Female,X1hr - X2hrs,98.37075605129814,143.49040324871038,18.0,0.6855563426133325,0.5017276315481116,Within-Group,VEGF-D,0.6938341224522534,False
.,Male,X3min - X1hr,217.28525818109503,216.38663322858912,18.0,1.0041528672039395,0.32861380071688195,Within-Group,VEGF-D,0.5691657627787996,False
.,Male,X3min - X2hrs,358.5839580948574,176.6420144643433,18.0,2.030003785805107,0.05740229718630674,Within-Group,VEGF-D,0.1966884463649478,False
.,Male,X1hr - X2hrs,141.29869991376233,143.4904032487104,18.0,0.984725784544983,0.3378110521891037,Within-Group,VEGF-D,0.5694977302192997,False
X3min,.,Female - Male,-0.07305799704896039,0.3351558776020374,18.0,-0.21798214482071274,0.8298951259352391,Between-Group,IL-2,0.9363244899259897,False
X1hr,.,Female - Male,-0.1002626621183923,0.31567247369367457,18.0,-0.3176161067996261,0.7544310815473302,Between-Group,IL-2,0.8913355635269615,False
X2hrs,.,Female - Male,-0.08479938055692347,0.3002013854562813,18.0,-0.2824749806801705,0.7808018097922158,Between-Group,IL-2,0.912334054228473,False
.,Female,X3min - X1hr,-0.00900133673345286,0.10413223803274467,18.0,-0.08644140281151323,0.9320698512815515,Within-Group,IL-2,0.9735659078972674,False
.,Female,X3min - X2hrs,0.042398567732875383,0.059001058796500416,18.0,0.7186068961764159,0.48160809239176583,Within-Group,IL-2,0.6854515175436295,False
.,Female,X1hr - X2hrs,0.05139990446632824,0.10060078503838689,18.0,0.5109294569293396,0.6156100327016439,Within-Group,IL-2,0.775881394945692,False
.,Male,X3min - X1hr,-0.03620600180288477,0.10413223803274467,18.0,-0.3476925348660968,0.7321037928807477,Within-Group,IL-2,0.8683091496957704,False
.,Male,X3min - X2hrs,0.0306571842249123,0.059001058796500416,18.0,0.5196039672889853,0.6096706097915856,Within-Group,IL-2,0.775881394945692,False
.,Male,X1hr - X2hrs,0.06686318602779706,0.10060078503838689,18.0,0.6646388097496818,0.5147070124073906,Within-Group,IL-2,0.6938341224522534,False
X3min,.,Female - Male,1.4386733430152578,24.191875329291896,18.0,0.059469277326892056,0.9532336128672704,Between-Group,IP-10,0.9821194799238543,False
X1hr,.,Female - Male,-11.889094759936956,14.163786451637346,18.0,-0.8394008763498807,0.4122545135338985,Between-Group,IP-10,0.6235338303331527,False
X2hrs,.,Female - Male,-16.038686200678114,17.894371967272622,18.0,-0.8962977985487052,0.38192456631880634,Between-Group,IP-10,0.6063299073620164,False
.,Female,X3min - X1hr,42.28931637785028,13.461759172825335,18.0,3.141440567679882,0.005643257774113768,Within-Group,IP-10,0.049385719809320903,True
.,Female,X3min - X2hrs,42.119836747497565,11.413882156558463,18.0,3.6902288081969847,0.0016747089612209336,Within-Group,IP-10,0.021352539255566905,True
.,Female,X1hr - X2hrs,-0.16947963035270597,10.47810073098425,18.0,-0.016174651752635525,0.9872729943832137,Within-Group,IP-10,0.9884619267617833,False
.,Male,X3min - X1hr,28.96154827489806,13.461759172825337,18.0,2.151394026819427,0.04527202198322754,Within-Group,IP-10,0.1731654840858453,False
.,Male,X3min - X2hrs,24.642477203804194,11.413882156558463,18.0,2.1589917318048117,0.044596756589003916,Within-Group,IP-10,0.17274186729411642,False
.,Male,X1hr - X2hrs,-4.319071071093864,10.478100730984252,18.0,-0.41219980433306597,0.6850605162178283,Within-Group,IP-10,0.8328981065505968,False
X3min,.,Female - Male,-1.352785745727136,1.1489621022209022,18.0,-1.177398056134532,0.25437079185381545,Between-Group,IL-7,0.5049245216774422,False
X1hr,.,Female - Male,-2.102181759280504,1.256957047249633,18.0,-1.6724372275729869,0.11172970177290091,Between-Group,IL-7,0.2973205503785258,False
X2hrs,.,Female - Male,-0.8283655873024702,1.7711565153006792,18.0,-0.4676975637931373,0.6456135622289529,Between-Group,IL-7,0.7998289475387028,False
.,Female,X3min - X1hr,-0.4597676236929171,0.5705297531979614,18.0,-0.8058609057911618,0.4308411876252801,Within-Group,IL-7,0.631420389104664,False
.,Female,X3min - X2hrs,-1.428384082778578,0.7257415266678005,18.0,-1.9681719045855341,0.0646474812695619,Within-Group,IL-7,0.20606384654672855,False
.,Female,X1hr - X2hrs,-0.9686164590856611,0.7527619516410154,18.0,-1.286750023661643,0.21448455423623308,Within-Group,IL-7,0.4688019542591952,False
.,Male,X3min - X1hr,-1.2091636372462853,0.5705297531979614,18.0,-2.1193699898535034,0.0482220880373141,Within-Group,IL-7,0.17995071877339164,False
.,Male,X3min - X2hrs,-0.9039639243539125,0.7257415266678006,18.0,-1.245572826050632,0.22889174797721468,Within-Group,IL-7,0.4863949644515812,False
.,Male,X1hr - X2hrs,0.3051997128923728,0.7527619516410156,18.0,0.4054398767459482,0.6899326647616548,Within-Group,IL-7,0.8328981065505968,False
X3min,.,Female - Male,-43.48761025716729,12.787622647554246,18.0,-3.4007580185738986,0.0031861558873544906,Between-Group,Eotaxin,0.031450441984854006,True
X1hr,.,Female - Male,-39.810630463367026,11.546919557860672,18.0,-3.4477273582689483,0.002871176684588271,Between-Group,Eotaxin,0.030295864327034863,True
X2hrs,.,Female - Male,-26.188878179458147,10.624118251822669,18.0,-2.465040162270897,0.02398577387186537,Between-Group,Eotaxin,0.11838140007727102,False
.,Female,X3min - X1hr,9.137448766630836,6.325023555792537,18.0,1.444650551263583,0.16573932093586932,Within-Group,Eotaxin,0.3871468107356948,False
.,Female,X3min - X2hrs,12.895735253184876,6.305709499633364,18.0,2.0450887015861863,0.0557495521002856,Within-Group,Eotaxin,0.19579543010961162,False
.,Female,X1hr - X2hrs,3.7582864865540397,5.645861614552236,18.0,0.6656710247497102,0.5140621045976668,Within-Group,Eotaxin,0.6938341224522534,False
.,Male,X3min - X1hr,12.8144285604311,6.325023555792537,18.0,2.025989065083478,0.057849543048514064,Within-Group,Eotaxin,0.1966884463649478,False
.,Male,X3min - X2hrs,30.19446733089402,6.305709499633364,18.0,4.788432980087274,0.00014706505526983836,Within-Group,Eotaxin,0.011250476728142635,True
.,Male,X1hr - X2hrs,17.380038770462917,5.645861614552236,18.0,3.0783678306364757,0.006478560264681228,Within-Group,Eotaxin,0.052234312432407844,False
X3min,.,Female - Male,0.23049743364695108,0.39266467810420747,18.0,0.5870083216035552,0.5644890169415652,Between-Group,IL-6,0.7381779452312776,False
X1hr,.,Female - Male,0.059757007259087475,0.30280624925141914,18.0,0.19734403568887843,0.8457696538099029,Between-Group,IL-6,0.9411109602393828,False
X2hrs,.,Female - Male,0.21024975777782048,0.4121285437252225,18.0,0.5101557778002385,0.6161411077509906,Between-Group,IL-6,0.775881394945692,False
.,Female,X3min - X1hr,0.10719721473740985,0.10634263639294732,18.0,1.0080360838648459,0.3267967020056948,Within-Group,IL-6,0.5691657627787996,False
.,Female,X3min - X2hrs,-0.14495195641968384,0.09805582464306868,18.0,-1.4782595215258345,0.15662416495473044,Within-Group,IL-6,0.37596745280753285,False
.,Female,X1hr - X2hrs,-0.2521491711570937,0.1195008190896784,18.0,-2.110020442352537,0.04911582620530404,Within-Group,IL-6,0.18107762432316912,False
.,Male,X3min - X1hr,-0.06354321165045375,0.10634263639294732,18.0,-0.5975327846458014,0.5575948820702521,Within-Group,IL-6,0.7322919910450522,False
.,Male,X3min - X2hrs,-0.1651996322888144,0.09805582464306868,18.0,-1.684750833417135,0.10929591101921234,Within-Group,IL-6,0.295969458158221,False
.,Male,X1hr - X2hrs,-0.10165642063836067,0.11950081908967843,18.0,-0.850675513462995,0.40612396252369976,Within-Group,IL-6,0.6219632157653189,False
X3min,.,Female - Male,-0.0322871258017832,0.01649353528002272,18.0,-1.9575624784875547,0.06596990431079496,Between-Group,IL-4,0.2081112445268377,False
X1hr,.,Female - Male,-0.031583838047667574,0.017098821622157284,18.0,-1.847135360880078,0.08123284098201108,Between-Group,IL-4,0.23901201288937876,False
X2hrs,.,Female - Male,-0.031203551298311826,0.01707978240889584,18.0,-1.8269290879291156,0.08434064535189768,Between-Group,IL-4,0.24347393846868579,False
.,Female,X3min - X1hr,8.284142860027349e-05,0.0032307420488600527,18.0,0.025641610301108248,0.9798253342239962,Within-Group,IL-4,0.9884619267617833,False
.,Female,X3min - X2hrs,-0.0015868084637241358,0.0059891925583690445,18.0,-0.26494530744495715,0.794061810624068,Within-Group,IL-4,0.9223071642977837,False
.,Female,X1hr - X2hrs,-0.0016696498923244093,0.005920425874598352,18.0,-0.2820151670993905,0.7811487653851631,Within-Group,IL-4,0.912334054228473,False
.,Male,X3min - X1hr,0.0007861291827159014,0.0032307420488600527,18.0,0.24332774663742723,0.8105029748044794,Within-Group,IL-4,0.9328249062422815,False
.,Male,X3min - X2hrs,-0.0005032339602527598,0.0059891925583690445,18.0,-0.08402367353334832,0.9339650469597389,Within-Group,IL-4,0.9735659078972674,False
.,Male,X1hr - X2hrs,-0.0012893631429686612,0.005920425874598352,18.0,-0.217782161330773,0.8300486012393824,Within-Group,IL-4,0.9363244899259897,False
X3min,.,Female - Male,-11.195408366679112,15.016308728403118,18.0,-0.7455499596584059,0.4655644420699413,Between-Group,MCP-1,0.6688390576216059,False
X1hr,.,Female - Male,-28.65958212468221,13.751760796372274,18.0,-2.0840663642318904,0.05167633065723818,Between-Group,MCP-1,0.18603479036605744,False
X2hrs,.,Female - Male,-13.141703766424277,11.155063529583403,18.0,-1.1780931351553734,0.2541006042324135,Between-Group,MCP-1,0.5049245216774422,False
.,Female,X3min - X1hr,11.794136486564774,11.050763650812923,18.0,1.0672689109315234,0.29995633405627375,Within-Group,MCP-1,0.5496205881510167,False
.,Female,X3min - X2hrs,29.12839679019703,9.37062356282258,18.0,3.1084800915237167,0.006065727404354805,Within-Group,MCP-1,0.05155868293701584,False
.,Female,X1hr - X2hrs,17.334260303632256,8.597481778397992,18.0,2.016202040367945,0.058953016809685566,Within-Group,MCP-1,0.19763932716271063,False
.,Male,X3min - X1hr,-5.670037271438324,11.050763650812925,18.0,-0.5130900859526771,0.6141280735969279,Within-Group,MCP-1,0.775881394945692,False
.,Male,X3min - X2hrs,27.182101390451862,9.37062356282258,18.0,2.9007782895361753,0.009529362620321245,Within-Group,MCP-1,0.06236309156730471,False
.,Male,X1hr - X2hrs,32.85213866189019,8.597481778397992,18.0,3.821135014724239,0.0012510567712837575,Within-Group,MCP-1,0.01740106236421954,True
X3min,.,Female - Male,-151.49397364326862,181.83959653634764,18.0,-0.8331187295226247,0.41569611416446317,Between-Group,VEGF,0.6235338303331527,False
X1hr,.,Female - Male,-99.50379490047928,98.08176475356694,18.0,-1.0144984151792662,0.32378846359187463,Between-Group,VEGF,0.5691657627787996,False
X2hrs,.,Female - Male,-74.06665176237989,115.66451865263306,18.0,-0.6403575843757146,0.5300081947755296,Between-Group,VEGF,0.7020887774948574,False
.,Female,X3min - X1hr,4.770206963785952,61.03663015479635,18.0,0.0781531836159389,0.9385684406199146,Within-Group,VEGF,0.9735659078972674,False
.,Female,X3min - X2hrs,-6.164571512457876,49.297356003183914,18.0,-0.12504872496731329,0.9018709850632822,Within-Group,VEGF,0.9649388861166586,False
.,Female,X1hr - X2hrs,-10.934778476243828,16.35564236853316,18.0,-0.6685630701537835,0.5122576425696409,Within-Group,VEGF,0.6938341224522534,False
.,Male,X3min - X1hr,56.76038570657529,61.03663015479635,18.0,0.9299397028083631,0.3647070011879716,Within-Group,VEGF,0.5967932746712262,False
.,Male,X3min - X2hrs,71.26275036843086,49.297356003183914,18.0,1.44556942087986,0.16548447076790554,Within-Group,VEGF,0.3871468107356948,False
.,Male,X1hr - X2hrs,14.502364661855559,16.35564236853316,18.0,0.8866887851348995,0.38694023890920026,Within-Group,VEGF,0.6063299073620164,False
