Variable_A,Variable_B,n,df,r_rm,CI_95%,p_val,p_adj,is_significant
Leuk,VCAM-1,20,39,0.2749999999999999,"[-0.04, 0.54]",0.08183609289594682,0.18176659829150152,False
Eryt,VCAM-1,20,39,0.5408912008336246,"[0.28, 0.73]",0.000261022348478636,0.0016512023155255703,True
Hb,VCAM-1,20,39,0.4937104414532874,"[0.22, 0.70]",0.0010369438240977003,0.00503658428847456,True
HKR,VCAM-1,20,39,0.55184144960962,"[0.29, 0.73]",0.0001839270759346258,0.0012904090089381683,True
MCV,VCAM-1,20,39,0.21408720964441938,"[-0.10, 0.49]",0.1789232023199724,0.31348119151453324,False
MCH,VCAM-1,20,39,-2.633125101432524e-17,"[-0.31, 0.31]",1.0,1.0,False
Trom,VCAM-1,20,39,0.55,"[0.29, 0.73]",0.0001952453018314683,0.0013484128657735778,True
Neutr,VCAM-1,20,39,0.050000000000000475,"[-0.26, 0.35]",0.7562191489680836,0.8377164507365739,False
Lymfos,VCAM-1,20,39,0.5031546054266275,"[0.23, 0.70]",0.0007992199511305953,0.004107618818601432,True
Monos,VCAM-1,20,39,0.4151025494769678,"[0.12, 0.64]",0.006960641563849492,0.02542647579521888,True
Eosin,VCAM-1,20,39,0.44741906925097824,"[0.16, 0.66]",0.0033566942039766796,0.014265950366900931,True
Basof,VCAM-1,20,39,0.4992301766027062,"[0.23, 0.70]",0.0008913597859769785,0.0044267530944025225,True
Lactic acid,VCAM-1,20,39,0.5316881677189249,"[0.27, 0.72]",0.00034711808151307737,0.0021309193337330644,True
Leuk,MIP-1α,20,39,0.2250000000000001,"[-0.09, 0.50]",0.15725665075562228,0.2908261072551693,False
Eryt,MIP-1α,20,39,0.2389984375776481,"[-0.07, 0.51]",0.13234575356789427,0.26107281524773374,False
Hb,MIP-1α,20,39,0.2531848417709166,"[-0.06, 0.52]",0.11022452915533222,0.22817886821932612,False
HKR,MIP-1α,20,39,0.2691909510290833,"[-0.04, 0.53]",0.08876762105830656,0.1904625655717063,False
MCV,MIP-1α,20,39,0.21408720964441932,"[-0.10, 0.49]",0.1789232023199724,0.31348119151453324,False
MCH,MIP-1α,20,39,0.23717082451262844,"[-0.08, 0.51]",0.1354199479964372,0.26137824023766476,False
Trom,MIP-1α,20,39,0.32500000000000007,"[0.02, 0.58]",0.03814283706459527,0.09975818924586456,False
Neutr,MIP-1α,20,39,0.1750000000000004,"[-0.14, 0.46]",0.27379479263839523,0.4216630604396233,False
Lymfos,MIP-1α,20,39,0.44026027974829923,"[0.15, 0.66]",0.003969260979337087,0.01609553534740374,True
Monos,MIP-1α,20,39,0.36478708893430517,"[0.06, 0.60]",0.01902754958724676,0.057603951490158144,False
Eosin,MIP-1α,20,39,0.24404676504598818,"[-0.07, 0.51]",0.12412414138449429,0.24937668405430216,False
Basof,MIP-1α,20,39,0.34668762264076824,"[0.04, 0.59]",0.026377558844256722,0.07473641672539404,False
Lactic acid,MIP-1α,20,39,0.27850332594800814,"[-0.03, 0.54]",0.07786442509379014,0.1783216367432914,False
Leuk,VEGF1,20,39,-0.12500000000000008,"[-0.42, 0.19]",0.4361566470231073,0.5679296819010217,False
Eryt,VEGF1,20,39,-0.11320978622099177,"[-0.41, 0.20]",0.4809662304085821,0.6161944169292608,False
Hb,VEGF1,20,39,-0.17722938923964202,"[-0.46, 0.14]",0.2676326881599689,0.4216630604396233,False
HKR,VEGF1,20,39,-0.22881230837472002,"[-0.50, 0.08]",0.15015773759709816,0.2860763793875749,False
MCV,VEGF1,20,39,-0.2140872096444185,"[-0.49, 0.10]",0.17892320231997358,0.31348119151453324,False
MCH,VEGF1,20,39,-0.2371708245126286,"[-0.51, 0.08]",0.13541994799643634,0.26137824023766476,False
Trom,VEGF1,20,39,-0.2750000000000001,"[-0.54, 0.04]",0.08183609289594682,0.18176659829150152,False
Neutr,VEGF1,20,39,-0.024999999999999533,"[-0.33, 0.28]",0.8767016791266298,0.9226241480332628,False
Lymfos,VEGF1,20,39,-0.3018927632559768,"[-0.56, 0.01]",0.05507279832571062,0.13675380258406866,False
Monos,VEGF1,20,39,-0.21384070730631688,"[-0.49, 0.10]",0.17943606663614683,0.31348119151453324,False
Eosin,VEGF1,20,39,-0.20337230420499053,"[-0.48, 0.11]",0.202194719754107,0.35047084757378644,False
Basof,VEGF1,20,39,-0.055470019622523126,"[-0.36, 0.26]",0.7304983348043069,0.8377164507365739,False
Lactic acid,VEGF1,20,39,-0.3291402943021923,"[-0.58, -0.02]",0.03561505890517238,0.09483045804871384,False
Leuk,MDC,20,39,0.6749999999999999,"[0.46, 0.81]",1.2955472877160705e-06,2.8631595058525157e-05,True
Eryt,MDC,20,39,0.6666798521902815,"[0.45, 0.81]",1.9463842157812703e-06,3.9104628335241886e-05,True
Hb,MDC,20,39,0.6835990727814748,"[0.48, 0.82]",8.389705024689213e-07,2.0601386782847956e-05,True
HKR,MDC,20,39,0.632598734918345,"[0.40, 0.79]",9.103279287692227e-06,0.00011176804014333235,True
MCV,MDC,20,39,0.17516226243634325,"[-0.14, 0.46]",0.27334317604088565,0.4216630604396233,False
MCH,MDC,20,39,0.2371708245126286,"[-0.08, 0.51]",0.13541994799643634,0.26137824023766476,False
Trom,MDC,20,39,0.65,"[0.43, 0.80]",4.24125401871099e-06,6.248780920900886e-05,True
Neutr,MDC,20,39,0.3500000000000003,"[0.05, 0.59]",0.02487954703887659,0.07094683736247448,False
Lymfos,MDC,20,39,0.7169953127329443,"[0.53, 0.84]",1.3383346854289858e-07,4.225313792568656e-06,True
Monos,MDC,20,39,0.7924685035469385,"[0.64, 0.88]",6.668256296308666e-10,7.368423207421075e-08,True
Eosin,MDC,20,39,0.5965587590013043,"[0.35, 0.76]",3.848636092063703e-05,0.0003780215894871459,True
Basof,MDC,20,39,0.6517727305646442,"[0.43, 0.80]",3.913101630660038e-06,6.248780920900886e-05,True
Lactic acid,MDC,20,39,0.41775498892201235,"[0.13, 0.64]",0.0065731968940784535,0.02483207715540749,True
Leuk,SAA,20,39,0.42499999999999993,"[0.14, 0.65]",0.005608377882559744,0.021555678470360058,True
Eryt,SAA,20,39,0.5786277962406217,"[0.33, 0.75]",7.406664208709988e-05,0.0006176878453301538,True
Hb,SAA,20,39,0.49371044145328724,"[0.22, 0.70]",0.0010369438240977035,0.00503658428847456,True
HKR,SAA,20,39,0.5922200922639824,"[0.35, 0.76]",4.525367058961102e-05,0.00043263436803054,True
MCV,SAA,20,39,0.2724746304565336,"[-0.04, 0.54]",0.08479569816114299,0.1846290570799298,False
MCH,SAA,20,39,0.07905694150420958,"[-0.23, 0.38]",0.6231952830196226,0.7505512672879378,False
Trom,SAA,20,39,0.625,"[0.39, 0.78]",1.252417408936722e-05,0.00014194063967949515,True
Neutr,SAA,20,39,0.050000000000000544,"[-0.26, 0.35]",0.7562191489680836,0.8377164507365739,False
Lymfos,SAA,20,39,0.5786277962406217,"[0.33, 0.75]",7.406664208709988e-05,0.0006176878453301538,True
Monos,SAA,20,39,0.566048931104956,"[0.31, 0.74]",0.0001146465027575633,0.0008736854175662639,True
Eosin,SAA,20,39,0.44741906925097813,"[0.16, 0.66]",0.0033566942039766896,0.014265950366900931,True
Basof,SAA,20,39,0.5408326913195984,"[0.28, 0.73]",0.00026150262915563156,0.0016512023155255703,True
Lactic acid,SAA,20,39,0.5316881677189248,"[0.27, 0.72]",0.0003471180815130784,0.0021309193337330644,True
Leuk,IL-8,20,39,-0.12499999999999993,"[-0.42, 0.19]",0.4361566470231073,0.5679296819010217,False
Eryt,IL-8,20,39,0.05031546054266252,"[-0.26, 0.35]",0.7547284319821241,0.8377164507365739,False
Hb,IL-8,20,39,-0.025318484177091954,"[-0.33, 0.28]",0.8751432422724365,0.9226241480332628,False
HKR,IL-8,20,39,-0.013459547551453562,"[-0.32, 0.30]",0.9334367972281469,0.9707265655490906,False
MCV,IL-8,20,39,0.29193710406057155,"[-0.02, 0.55]",0.06401491703617507,0.15224606426044085,False
MCH,IL-8,20,39,-7.899375304297573e-17,"[-0.31, 0.31]",1.0,1.0,False
Trom,IL-8,20,39,-0.049999999999999954,"[-0.35, 0.26]",0.7562191489680836,0.8377164507365739,False
Neutr,IL-8,20,39,-0.27499999999999947,"[-0.54, 0.04]",0.08183609289594752,0.18176659829150152,False
Lymfos,IL-8,20,39,0.037736595406996844,"[-0.27, 0.34]",0.8147964162115997,0.8892346073222891,False
Monos,IL-8,20,39,0.05031546054266263,"[-0.26, 0.35]",0.7547284319821241,0.8377164507365739,False
Eosin,IL-8,20,39,0.09490707529566175,"[-0.22, 0.39]",0.5550275735409729,0.6888307498366872,False
Basof,IL-8,20,39,0.12480754415067667,"[-0.19, 0.42]",0.4368689860777073,0.5679296819010217,False
Lactic acid,IL-8,20,39,0.05063696835418273,"[-0.26, 0.35]",0.7532100413323757,0.8377164507365739,False
Leuk,IL-16,20,39,0.7,"[0.50, 0.83]",3.5133020450177994e-07,9.70549689936167e-06,True
Eryt,IL-16,20,39,0.7421530430042756,"[0.56, 0.85]",2.8028986230452963e-08,1.548601489232526e-06,True
Hb,IL-16,20,39,0.7342360411356582,"[0.55, 0.85]",4.6711646936131656e-08,1.87695890416094e-06,True
HKR,IL-16,20,39,0.7941133055357943,"[0.64, 0.89]",5.801735666221289e-10,7.368423207421075e-08,True
MCV,IL-16,20,39,0.15569978883230512,"[-0.16, 0.44]",0.33101128797057067,0.48127299106247445,False
MCH,IL-16,20,39,6.582812753581311e-17,"[-0.31, 0.31]",1.0,1.0,False
Trom,IL-16,20,39,0.7499999999999999,"[0.58, 0.86]",1.658583359431249e-08,1.1326972811499604e-06,True
Neutr,IL-16,20,39,0.17500000000000046,"[-0.14, 0.46]",0.27379479263839546,0.4216630604396233,False
Lymfos,IL-16,20,39,0.8427839640896012,"[0.72, 0.91]",4.809769023530851e-12,2.125917908400636e-09,True
Monos,IL-16,20,39,0.8302050989539356,"[0.70, 0.91]",1.9145073019179933e-11,4.231061137238765e-09,True
Eosin,IL-16,20,39,0.7321402951379645,"[0.55, 0.85]",5.3314315687270524e-08,1.9637439611477976e-06,True
Basof,IL-16,20,39,0.7488452649040594,"[0.57, 0.86]",1.7938644724094395e-08,1.1326972811499604e-06,True
Lactic acid,IL-16,20,39,0.6329621044272915,"[0.40, 0.79]",8.963535547308725e-06,0.00011176804014333235,True
Leuk,TNF-α,20,39,0.37499999999999994,"[0.08, 0.61]",0.015700418653338422,0.04992507226457254,True
Eryt,TNF-α,20,39,0.5283123356979588,"[0.26, 0.72]",0.0003845983647945625,0.002297195638367522,True
Hb,TNF-α,20,39,0.5570066518960164,"[0.30, 0.74]",0.00015526953880490283,0.001163205697487577,True
HKR,TNF-α,20,39,0.4576246167494411,"[0.17, 0.67]",0.0026267622232942294,0.01138263630094166,True
MCV,TNF-α,20,39,0.05838742081211468,"[-0.25, 0.36]",0.7168964572943402,0.827332203979369,False
MCH,TNF-α,20,39,0.07905694150420936,"[-0.23, 0.38]",0.6231952830196226,0.7505512672879378,False
Trom,TNF-α,20,39,0.2999999999999998,"[-0.01, 0.56]",0.056691006778488304,0.13767815931918667,False
Neutr,TNF-α,20,39,0.12500000000000044,"[-0.19, 0.42]",0.4361566470231073,0.5679296819010217,False
Lymfos,TNF-α,20,39,0.4654180100196303,"[0.18, 0.68]",0.002167177197890335,0.009675680014823515,True
Monos,TNF-α,20,39,0.4905757402909619,"[0.22, 0.69]",0.0011287099298655575,0.005307338180857213,True
Eosin,TNF-α,20,39,0.5152098373193083,"[0.25, 0.71]",0.0005668999031888959,0.00313212196511865,True
Basof,TNF-α,20,39,0.38829013735766027,"[0.09, 0.62]",0.012118298994169493,0.040887695842923025,True
Lactic acid,TNF-α,20,39,0.3291402943021912,"[0.02, 0.58]",0.03561505890517307,0.09483045804871384,False
Leuk,MCP-4,20,39,0.325,"[0.02, 0.58]",0.03814283706459527,0.09975818924586456,False
Eryt,MCP-4,20,39,0.402523684341302,"[0.11, 0.63]",0.009077988229465492,0.03235863546309474,True
Hb,MCP-4,20,39,0.35445877847928314,"[0.05, 0.60]",0.02297544788577212,0.06861586463183296,False
HKR,MCP-4,20,39,0.3903268789921705,"[0.09, 0.62]",0.011636215442389686,0.040175332922683465,True
MCV,MCP-4,20,39,0.3503245248726859,"[0.05, 0.59]",0.024736667987377125,0.07094683736247448,False
MCH,MCP-4,20,39,0.15811388300841914,"[-0.16, 0.44]",0.32347494517138187,0.4718677418011577,False
Trom,MCP-4,20,39,0.37499999999999994,"[0.08, 0.61]",0.015700418653338422,0.04992507226457254,True
Neutr,MCP-4,20,39,0.10000000000000053,"[-0.21, 0.40]",0.5338939001152925,0.6666132877145801,False
Lymfos,MCP-4,20,39,0.41510254947696773,"[0.12, 0.64]",0.006960641563849513,0.02542647579521888,True
Monos,MCP-4,20,39,0.3899448192056365,"[0.09, 0.62]",0.011725379970647437,0.040175332922683465,True
Eosin,MCP-4,20,39,0.3931864547963141,"[0.10, 0.63]",0.010987017300729885,0.03854175910256039,True
Basof,MCP-4,20,39,0.4992301766027062,"[0.23, 0.70]",0.0008913597859769785,0.0044267530944025225,True
Lactic acid,MCP-4,20,39,0.3164810522136456,"[0.01, 0.57]",0.04380551964824052,0.11256999816582737,False
Leuk,Tie-2,20,39,0.35,"[0.05, 0.59]",0.024879547038876796,0.07094683736247448,False
Eryt,Tie-2,20,39,0.6415221219189501,"[0.42, 0.79]",6.1898600305292184e-06,8.046818039687984e-05,True
Hb,Tie-2,20,39,0.6203028623387457,"[0.39, 0.78]",1.5190660140643118e-05,0.0001637627263942502,True
HKR,Tie-2,20,39,0.7402751153299778,"[0.56, 0.85]",3.169127863435981e-08,1.556393906265226e-06,True
MCV,Tie-2,20,39,0.2530121568524955,"[-0.06, 0.52]",0.11047574162655124,0.22817886821932612,False
MCH,Tie-2,20,39,-0.15811388300841883,"[-0.44, 0.16]",0.32347494517138187,0.4718677418011577,False
Trom,Tie-2,20,39,0.65,"[0.43, 0.80]",4.24125401871099e-06,6.248780920900886e-05,True
Neutr,Tie-2,20,39,-0.049999999999999406,"[-0.35, 0.26]",0.7562191489680836,0.8377164507365739,False
Lymfos,Tie-2,20,39,0.5157334705622932,"[0.25, 0.71]",0.0005583441453173186,0.0031239001548133524,True
Monos,Tie-2,20,39,0.4276814146126336,"[0.14, 0.65]",0.005283797103535425,0.021039984862726766,True
Eosin,Tie-2,20,39,0.5287679909329742,"[0.26, 0.72]",0.00037933605629150957,0.002296801875080099,True
Basof,Tie-2,20,39,0.5824352060364906,"[0.33, 0.75]",6.466160464306504e-05,0.0005626183144667371,True
Lactic acid,Tie-2,20,39,0.6582805886043832,"[0.44, 0.80]",2.8984729818742697e-06,5.33802107495178e-05,True
Leuk,Flt-1,20,39,0.5749999999999998,"[0.32, 0.75]",8.416655856506369e-05,0.0006763930706501481,True
Eryt,Flt-1,20,39,0.6289432567832846,"[0.40, 0.78]",1.0624541895168273e-05,0.0001269202031801183,True
Hb,Flt-1,20,39,0.5823251360731081,"[0.33, 0.75]",6.491749782308506e-05,0.0005626183144667371,True
HKR,Flt-1,20,39,0.6864369251241613,"[0.48, 0.82]",7.245634249873974e-07,1.8838649049672333e-05,True
MCV,Flt-1,20,39,0.2919371040605716,"[-0.02, 0.55]",0.06401491703617489,0.15224606426044085,False
MCH,Flt-1,20,39,0.15811388300841908,"[-0.16, 0.44]",0.32347494517138187,0.4718677418011577,False
Trom,Flt-1,20,39,0.6749999999999999,"[0.46, 0.81]",1.2955472877160705e-06,2.8631595058525157e-05,True
Neutr,Flt-1,20,39,0.1500000000000005,"[-0.17, 0.44]",0.3492337410521762,0.49003591601607444,False
Lymfos,Flt-1,20,39,0.6415221219189501,"[0.42, 0.79]",6.1898600305292184e-06,8.046818039687984e-05,True
Monos,Flt-1,20,39,0.5912066613762875,"[0.35, 0.76]",4.698291779517161e-05,0.00043263436803054,True
Eosin,Flt-1,20,39,0.5423261445466403,"[0.28, 0.73]",0.00024948927852279606,0.0016458844941354606,True
Basof,Flt-1,20,39,0.7211102550927979,"[0.53, 0.84]",1.0483893966026572e-07,3.5645239484490346e-06,True
Lactic acid,Flt-1,20,39,0.5696658939845621,"[0.32, 0.75]",0.00010129570075894058,0.0007995124952759238,True
Leuk,MIP-1β,20,39,0.07500000000000018,"[-0.24, 0.37]",0.6411866947841472,0.7517361249193527,False
Eryt,MIP-1β,20,39,0.22641957244198233,"[-0.09, 0.50]",0.15458525100507478,0.2907518338052896,False
Hb,MIP-1β,20,39,0.13925166297400404,"[-0.18, 0.43]",0.3852230935083817,0.5329768662043333,False
HKR,MIP-1β,20,39,0.21535276082326682,"[-0.10, 0.49]",0.17630663102888683,0.31348119151453324,False
MCV,MIP-1β,20,39,0.3503245248726859,"[0.05, 0.59]",0.024736667987377125,0.07094683736247448,False
MCH,MIP-1β,20,39,0.15811388300841903,"[-0.16, 0.44]",0.32347494517138187,0.4718677418011577,False
Trom,MIP-1β,20,39,0.2000000000000002,"[-0.11, 0.48]",0.20993874257441825,0.35282480691214296,False
Neutr,MIP-1β,20,39,0.07500000000000051,"[-0.24, 0.37]",0.6411866947841472,0.7517361249193527,False
Lymfos,MIP-1β,20,39,0.2641561678489796,"[-0.05, 0.53]",0.09513554840865515,0.2021630403683922,False
Monos,MIP-1β,20,39,0.11320978622099141,"[-0.20, 0.41]",0.4809662304085859,0.6161944169292608,False
Eosin,MIP-1β,20,39,0.054232614454664,"[-0.26, 0.36]",0.7362924926363607,0.8377164507365739,False
Basof,MIP-1β,20,39,0.18027756377319942,"[-0.13, 0.46]",0.25935678543402435,0.418378464094302,False
Lactic acid,MIP-1β,20,39,0.02531848417709145,"[-0.28, 0.33]",0.8751432422724579,0.9226241480332628,False
Leuk,IL-12p70,20,39,0.12499999999999986,"[-0.19, 0.42]",0.4361566470231073,0.5679296819010217,False
Eryt,IL-12p70,20,39,0.10063092108532526,"[-0.21, 0.40]",0.5313032912665417,0.6666132877145801,False
Hb,IL-12p70,20,39,0.15191090506254976,"[-0.16, 0.44]",0.3430575071681934,0.49003591601607444,False
HKR,IL-12p70,20,39,0.0403786426543629,"[-0.27, 0.34]",0.8020801681614825,0.88408836490618,False
MCV,IL-12p70,20,39,-0.11677484162422794,"[-0.41, 0.20]",0.46716873103752454,0.6055383551864687,False
MCH,IL-12p70,20,39,-1.9061146585257684e-17,"[-0.31, 0.31]",1.0,1.0,False
Trom,IL-12p70,20,39,-0.12499999999999994,"[-0.42, 0.19]",0.4361566470231073,0.5679296819010217,False
Neutr,IL-12p70,20,39,0.22500000000000023,"[-0.09, 0.50]",0.15725665075562173,0.2908261072551693,False
Lymfos,IL-12p70,20,39,0.012578865135665555,"[-0.30, 0.32]",0.9377833563109993,0.9707265655490906,False
Monos,IL-12p70,20,39,0.0251577302713314,"[-0.28, 0.33]",0.8759298006814945,0.9226241480332628,False
Eosin,IL-12p70,20,39,0.06779076806833004,"[-0.24, 0.37]",0.6736572932449941,0.783569798984971,False
Basof,IL-12p70,20,39,-0.12480754415067657,"[-0.42, 0.19]",0.43686898607770897,0.5679296819010217,False
Lactic acid,IL-12p70,20,39,-0.025318484177092086,"[-0.33, 0.28]",0.8751432422724365,0.9226241480332628,False
Leuk,CRP,20,39,0.5249999999999999,"[0.26, 0.72]",0.0004248637356233877,0.0025038636152738313,True
Eryt,CRP,20,39,0.6541009870546157,"[0.43, 0.80]",3.5175749583702106e-06,5.9798774292293584e-05,True
Hb,CRP,20,39,0.5823251360731081,"[0.33, 0.75]",6.491749782308506e-05,0.0005626183144667371,True
HKR,CRP,20,39,0.6729773775727073,"[0.46, 0.81]",1.4319963978456658e-06,3.0140114659418302e-05,True
MCV,CRP,20,39,0.3113995776646097,"[0.00, 0.56]",0.04749595107591116,0.11996120214601562,False
MCH,CRP,20,39,0.07905694150420957,"[-0.23, 0.38]",0.6231952830196226,0.7505512672879378,False
Trom,CRP,20,39,0.7,"[0.50, 0.83]",3.5133020450177994e-07,9.70549689936167e-06,True
Neutr,CRP,20,39,0.07500000000000052,"[-0.24, 0.37]",0.6411866947841472,0.7517361249193527,False
Lymfos,CRP,20,39,0.6415221219189501,"[0.42, 0.79]",6.1898600305292184e-06,8.046818039687984e-05,True
Monos,CRP,20,39,0.6415221219189502,"[0.42, 0.79]",6.189860030529195e-06,8.046818039687984e-05,True
Eosin,CRP,20,39,0.5423261445466403,"[0.28, 0.73]",0.00024948927852279606,0.0016458844941354606,True
Basof,CRP,20,39,0.6240377207533827,"[0.39, 0.78]",1.3032684624050366e-05,0.00014401116509575655,True
Lactic acid,CRP,20,39,0.6076436202501998,"[0.37, 0.77]",2.5169188437059433e-05,0.00025871584393442486,True
Leuk,IFN-γ,20,39,0.2499999999999999,"[-0.06, 0.52]",0.11492787448834102,0.23409272130804945,False
Eryt,IFN-γ,20,39,0.3018927632559764,"[-0.01, 0.56]",0.055072798325710916,0.13675380258406866,False
Hb,IFN-γ,20,39,0.3544587784792831,"[0.05, 0.60]",0.02297544788577212,0.06861586463183296,False
HKR,IFN-γ,20,39,0.26919095102908336,"[-0.04, 0.53]",0.08876762105830656,0.1904625655717063,False
MCV,IFN-γ,20,39,-0.019462473604037477,"[-0.33, 0.29]",0.9038668552607364,0.9467041469792546,False
MCH,IFN-γ,20,39,-0.07905694150420967,"[-0.38, 0.23]",0.6231952830196226,0.7505512672879378,False
Trom,IFN-γ,20,39,0.12499999999999994,"[-0.19, 0.42]",0.4361566470231073,0.5679296819010217,False
Neutr,IFN-γ,20,39,0.12500000000000042,"[-0.19, 0.42]",0.4361566470231073,0.5679296819010217,False
Lymfos,IFN-γ,20,39,0.3270504935273079,"[0.02, 0.58]",0.036873221059371165,0.09759259705534165,False
Monos,IFN-γ,20,39,0.36478708893430484,"[0.06, 0.60]",0.019027549587246808,0.057603951490158144,False
Eosin,IFN-γ,20,39,0.3660701475689821,"[0.07, 0.61]",0.018579520445015502,0.057603951490158144,False
Basof,IFN-γ,20,39,0.13867504905630731,"[-0.18, 0.43]",0.38721332881620374,0.5329768662043333,False
Lactic acid,IFN-γ,20,39,0.3038218101250996,"[-0.00, 0.56]",0.0534618506757702,0.134262147719832,False
Leuk,VEGF-C,20,39,0.12500000000000008,"[-0.19, 0.42]",0.4361566470231073,0.5679296819010217,False
Eryt,VEGF-C,20,39,0.1761041118993196,"[-0.14, 0.46]",0.2707314445157677,0.4216630604396233,False
Hb,VEGF-C,20,39,0.13925166297400393,"[-0.18, 0.43]",0.38522309350838446,0.5329768662043333,False
HKR,VEGF-C,20,39,0.24227185592617503,"[-0.07, 0.51]",0.12696988548080568,0.2527958981194448,False
MCV,VEGF-C,20,39,0.19462473604038139,"[-0.12, 0.47]",0.22270450260215552,0.37005785770734767,False
MCH,VEGF-C,20,39,2.1065000811460196e-16,"[-0.31, 0.31]",1.0,1.0,False
Trom,VEGF-C,20,39,0.17500000000000013,"[-0.14, 0.46]",0.27379479263839523,0.4216630604396233,False
Neutr,VEGF-C,20,39,-0.09999999999999935,"[-0.40, 0.21]",0.5338939001152971,0.6666132877145801,False
Lymfos,VEGF-C,20,39,0.12578865135665684,"[-0.19, 0.42]",0.4332443322299997,0.5679296819010217,False
Monos,VEGF-C,20,39,0.18868297703498535,"[-0.13, 0.47]",0.23742561415580288,0.3854262673429648,False
Eosin,VEGF-C,20,39,0.2711630722733201,"[-0.04, 0.53]",0.08636524860566647,0.18712470531227735,False
Basof,VEGF-C,20,39,0.2912176030182453,"[-0.02, 0.55]",0.06470334559095077,0.15224606426044085,False
Lactic acid,VEGF-C,20,39,0.3291402943021914,"[0.02, 0.58]",0.03561505890517287,0.09483045804871384,False
Leuk,PlGF,20,39,0.20000000000000007,"[-0.11, 0.48]",0.20993874257441825,0.35282480691214296,False
Eryt,PlGF,20,39,0.4151025494769676,"[0.12, 0.64]",0.006960641563849513,0.02542647579521888,True
Hb,PlGF,20,39,0.3417995363907372,"[0.04, 0.59]",0.028724350254192083,0.08086727905957261,False
HKR,PlGF,20,39,0.44416506919798693,"[0.16, 0.66]",0.003624042773941482,0.015111574585680519,True
MCV,PlGF,20,39,0.25301215685249545,"[-0.06, 0.52]",0.11047574162655156,0.22817886821932612,False
MCH,PlGF,20,39,0.07905694150420957,"[-0.23, 0.38]",0.6231952830196226,0.7505512672879378,False
Trom,PlGF,20,39,0.37499999999999994,"[0.08, 0.61]",0.015700418653338422,0.04992507226457254,True
Neutr,PlGF,20,39,-0.17499999999999935,"[-0.46, 0.14]",0.2737947926383973,0.4216630604396233,False
Lymfos,PlGF,20,39,0.31447162839164217,"[0.01, 0.57]",0.045236032392655855,0.11557414056389531,False
Monos,PlGF,20,39,0.25157730271331386,"[-0.06, 0.52]",0.11257992176847016,0.23144337405425028,False
Eosin,PlGF,20,39,0.46097722286464426,"[0.18, 0.67]",0.0024195048556000724,0.01069421146175232,True
Basof,PlGF,20,39,0.5130976815083369,"[0.24, 0.71]",0.0006026136129282735,0.003288336011287616,True
Lactic acid,PlGF,20,39,0.519028925630379,"[0.25, 0.71]",0.0005070991425733931,0.0029108807924342825,True
Leuk,IL-13,20,39,0.19999999999999984,"[-0.11, 0.48]",0.20993874257441825,0.35282480691214296,False
Eryt,IL-13,20,39,0.33962935866297345,"[0.04, 0.59]",0.02982027076098728,0.08289660173809042,False
Hb,IL-13,20,39,0.3291402943021914,"[0.02, 0.58]",0.03561505890517307,0.09483045804871384,False
HKR,IL-13,20,39,0.255731403477629,"[-0.06, 0.52]",0.10657008404777879,0.22430465309103917,False
MCV,IL-13,20,39,-0.2724746304565326,"[-0.54, 0.04]",0.08479569816114423,0.1846290570799298,False
MCH,IL-13,20,39,0.0790569415042094,"[-0.23, 0.38]",0.6231952830196226,0.7505512672879378,False
Trom,IL-13,20,39,0.07499999999999982,"[-0.24, 0.37]",0.6411866947841538,0.7517361249193527,False
Neutr,IL-13,20,39,0.15000000000000036,"[-0.17, 0.44]",0.3492337410521762,0.49003591601607444,False
Lymfos,IL-13,20,39,0.1886829770349854,"[-0.13, 0.47]",0.23742561415580288,0.3854262673429648,False
Monos,IL-13,20,39,0.27673503298464525,"[-0.03, 0.54]",0.07984982710594835,0.1809929414401496,False
Eosin,IL-13,20,39,0.20337230420498995,"[-0.11, 0.48]",0.20219471975410755,0.35047084757378644,False
Basof,IL-13,20,39,0.0693375245281535,"[-0.24, 0.37]",0.6666387013824734,0.7795087460609874,False
Lactic acid,IL-13,20,39,0.1898886313281871,"[-0.13, 0.47]",0.2343864016617009,0.3854262673429648,False
Leuk,ICAM-1,20,39,0.39999999999999997,"[0.11, 0.63]",0.009563548476957966,0.03381670741452337,True
Eryt,ICAM-1,20,39,0.440260279748299,"[0.15, 0.66]",0.0039692609793371214,0.01609553534740374,True
Hb,ICAM-1,20,39,0.41775498892201235,"[0.13, 0.64]",0.0065731968940784535,0.02483207715540749,True
HKR,ICAM-1,20,39,0.5114628069552577,"[0.24, 0.71]",0.0006316237340147791,0.003404605980908931,True
MCV,ICAM-1,20,39,0.27247463045653364,"[-0.04, 0.54]",0.08479569816114299,0.1846290570799298,False
MCH,ICAM-1,20,39,0.158113883008419,"[-0.16, 0.44]",0.32347494517138187,0.4718677418011577,False
Trom,ICAM-1,20,39,0.6249999999999999,"[0.39, 0.78]",1.252417408936722e-05,0.00014194063967949515,True
Neutr,ICAM-1,20,39,0.12500000000000042,"[-0.19, 0.42]",0.4361566470231073,0.5679296819010217,False
Lymfos,ICAM-1,20,39,0.5912066613762874,"[0.35, 0.76]",4.698291779517177e-05,0.00043263436803054,True
Monos,ICAM-1,20,39,0.490575740290962,"[0.22, 0.69]",0.0011287099298655505,0.005307338180857213,True
Eosin,ICAM-1,20,39,0.3525119939553162,"[0.05, 0.60]",0.02379129479956645,0.07048647188514823,False
Basof,ICAM-1,20,39,0.5408326913195983,"[0.28, 0.73]",0.0002615026291556333,0.0016512023155255703,True
Lactic acid,ICAM-1,20,39,0.4430734730991039,"[0.16, 0.66]",0.0037178024515361783,0.015357651248401783,True
Leuk,IL-10,20,39,-0.024999999999999835,"[-0.33, 0.28]",0.8767016791266298,0.9226241480332628,False
Eryt,IL-10,20,39,-0.163525246763654,"[-0.45, 0.15]",0.3069756528698824,0.46949217497746715,False
Hb,IL-10,20,39,-0.13925166297400413,"[-0.43, 0.18]",0.3852230935083817,0.5329768662043333,False
HKR,IL-10,20,39,-0.2422718559261738,"[-0.51, 0.07]",0.12696988548080712,0.2527958981194448,False
MCV,IL-10,20,39,-0.19462473604038005,"[-0.47, 0.12]",0.22270450260215943,0.37005785770734767,False
MCH,IL-10,20,39,0.07905694150420962,"[-0.23, 0.38]",0.6231952830196226,0.7505512672879378,False
Trom,IL-10,20,39,-0.2999999999999996,"[-0.56, 0.01]",0.05669100677848863,0.13767815931918667,False
Neutr,IL-10,20,39,0.10000000000000055,"[-0.21, 0.40]",0.5338939001152925,0.6666132877145801,False
Lymfos,IL-10,20,39,-0.28931389812031083,"[-0.55, 0.02]",0.06655316995458983,0.15482369010488792,False
Monos,IL-10,20,39,-0.11320978622099116,"[-0.41, 0.20]",0.4809662304085859,0.6161944169292608,False
Eosin,IL-10,20,39,-0.09490707529566186,"[-0.39, 0.22]",0.5550275735409729,0.6888307498366872,False
Basof,IL-10,20,39,-0.3189526128295066,"[-0.57, -0.01]",0.04209657415440649,0.10881102793127292,False
Lactic acid,IL-10,20,39,-0.11393317879691262,"[-0.41, 0.20]",0.47814942883638767,0.6161944169292608,False
Leuk,IL-15,20,39,0.3499999999999999,"[0.05, 0.59]",0.024879547038876796,0.07094683736247448,False
Eryt,IL-15,20,39,0.566048931104956,"[0.31, 0.74]",0.00011464650275756406,0.0008736854175662639,True
Hb,IL-15,20,39,0.5443474098074705,"[0.28, 0.73]",0.0002340219681856724,0.0015913493836625723,True
HKR,IL-15,20,39,0.659517830021253,"[0.44, 0.80]",2.735471916620217e-06,5.256863422374504e-05,True
MCV,IL-15,20,39,0.17516226243634322,"[-0.14, 0.46]",0.27334317604088565,0.4216630604396233,False
MCH,IL-15,20,39,2.633125101432524e-17,"[-0.31, 0.31]",1.0,1.0,False
Trom,IL-15,20,39,0.575,"[0.32, 0.75]",8.416655856506369e-05,0.0006763930706501481,True
Neutr,IL-15,20,39,-0.07499999999999944,"[-0.37, 0.24]",0.6411866947841538,0.7517361249193527,False
Lymfos,IL-15,20,39,0.6541009870546158,"[0.43, 0.80]",3.5175749583702106e-06,5.9798774292293584e-05,True
Monos,IL-15,20,39,0.5534700659692904,"[0.30, 0.74]",0.00017441425388159764,0.0012434048421881717,True
Eosin,IL-15,20,39,0.47453537647831023,"[0.20, 0.68]",0.001720601241109769,0.00776026274051549,True
Basof,IL-15,20,39,0.48536267169707537,"[0.21, 0.69]",0.0012973593766264795,0.00603613520493583,True
Lactic acid,IL-15,20,39,0.5063696835418332,"[0.24, 0.70]",0.0007301652282803046,0.003842059891665436,True
Leuk,IL-12/IL-23p40,20,39,0.3000000000000001,"[-0.01, 0.56]",0.05669100677848814,0.13767815931918667,False
Eryt,IL-12/IL-23p40,20,39,0.40252368434130203,"[0.11, 0.63]",0.009077988229465466,0.03235863546309474,True
Hb,IL-12/IL-23p40,20,39,0.32914029430219144,"[0.02, 0.58]",0.03561505890517287,0.09483045804871384,False
HKR,IL-12/IL-23p40,20,39,0.4441650691979872,"[0.16, 0.66]",0.003624042773941461,0.015111574585680519,True
MCV,IL-12/IL-23p40,20,39,0.13623731522826718,"[-0.18, 0.43]",0.3956937373521563,0.5414756405871612,False
MCH,IL-12/IL-23p40,20,39,0.07905694150420946,"[-0.23, 0.38]",0.6231952830196226,0.7505512672879378,False
Trom,IL-12/IL-23p40,20,39,0.425,"[0.14, 0.65]",0.005608377882559744,0.021555678470360058,True
Neutr,IL-12/IL-23p40,20,39,-0.07499999999999946,"[-0.37, 0.24]",0.6411866947841538,0.7517361249193527,False
Lymfos,IL-12/IL-23p40,20,39,0.33962935866297356,"[0.04, 0.59]",0.02982027076098711,0.08289660173809042,False
Monos,IL-12/IL-23p40,20,39,0.37736595406997075,"[0.08, 0.61]",0.015004138812269535,0.04949126384345623,True
Eosin,IL-12/IL-23p40,20,39,0.2169304578186561,"[-0.10, 0.49]",0.17308321673949237,0.31348119151453324,False
Basof,IL-12/IL-23p40,20,39,0.2912176030182453,"[-0.02, 0.55]",0.06470334559095077,0.15224606426044085,False
Lactic acid,IL-12/IL-23p40,20,39,0.367118020567829,"[0.07, 0.61]",0.01822022500772464,0.05711588264832831,False
Leuk,GM-CSF,20,39,-0.22499999999999978,"[-0.50, 0.09]",0.1572566507556232,0.2908261072551693,False
Eryt,GM-CSF,20,39,-0.21384070730631677,"[-0.49, 0.10]",0.17943606663614683,0.31348119151453324,False
Hb,GM-CSF,20,39,-0.18988863132818734,"[-0.47, 0.13]",0.23438640166170002,0.3854262673429648,False
HKR,GM-CSF,20,39,-0.16151457061744887,"[-0.45, 0.15]",0.3130425439319446,0.4718677418011577,False
MCV,GM-CSF,20,39,-0.3308620512686467,"[-0.58, -0.03]",0.0346051083591768,0.09483045804871384,False
MCH,GM-CSF,20,39,9.108649047663538e-17,"[-0.31, 0.31]",1.0,1.0,False
Trom,GM-CSF,20,39,-0.12499999999999968,"[-0.42, 0.19]",0.43615664702310897,0.5679296819010217,False
Neutr,GM-CSF,20,39,-0.14999999999999947,"[-0.44, 0.17]",0.34923374105217975,0.49003591601607444,False
Lymfos,GM-CSF,20,39,-0.28931389812031094,"[-0.55, 0.02]",0.06655316995458983,0.15482369010488792,False
Monos,GM-CSF,20,39,-0.23899843757764797,"[-0.51, 0.07]",0.13234575356789427,0.26107281524773374,False
Eosin,GM-CSF,20,39,-0.21693045781865614,"[-0.49, 0.10]",0.17308321673949237,0.31348119151453324,False
Basof,GM-CSF,20,39,-0.12480754415067641,"[-0.42, 0.19]",0.43686898607770897,0.5679296819010217,False
Lactic acid,GM-CSF,20,39,0.025318484177091573,"[-0.28, 0.33]",0.8751432422724579,0.9226241480332628,False
Leuk,TNF-β,20,39,-0.037736595406996865,"[-0.34, 0.27]",0.8147964162115997,0.8892346073222891,False
Eryt,TNF-β,20,39,-1.1102230246251573e-16,"[-0.31, 0.31]",1.0,1.0,False
Hb,TNF-β,20,39,0.025478223832249656,"[-0.28, 0.33]",0.8743617639210064,0.9226241480332628,False
HKR,TNF-β,20,39,-0.03386116668736351,"[-0.34, 0.28]",0.8335332255776067,0.907442575628823,False
MCV,TNF-β,20,39,0.019585266453732545,"[-0.29, 0.33]",0.9032631865969278,0.9467041469792546,False
MCH,TNF-β,20,39,-0.23866718525271888,"[-0.51, 0.07]",0.13289905753561107,0.26107281524773374,False
Trom,TNF-β,20,39,-0.13836751649232235,"[-0.43, 0.18]",0.38827726451989886,0.5329768662043333,False
Neutr,TNF-β,20,39,0.0377365954069977,"[-0.27, 0.34]",0.8147964162115997,0.8892346073222891,False
Lymfos,TNF-β,20,39,-0.037974683544303715,"[-0.34, 0.27]",0.8136485152143889,0.8892346073222891,False
Monos,TNF-β,20,39,0.025316455696202673,"[-0.28, 0.33]",0.8751531667607862,0.9226241480332628,False
Eosin,TNF-β,20,39,0.24558650754471814,"[-0.07, 0.51]",0.1216944105311838,0.24673820850817998,False
Basof,TNF-β,20,39,0.027909995836177835,"[-0.28, 0.33]",0.86248001063604,0.9226241480332628,False
Lactic acid,TNF-β,20,39,0.22930401449024737,"[-0.08, 0.50]",0.14925951406106763,0.28559612647182636,False
Leuk,TARC,20,39,0.12500000000000008,"[-0.19, 0.42]",0.4361566470231073,0.5679296819010217,False
Eryt,TARC,20,39,0.20126184217065088,"[-0.11, 0.48]",0.2070173066653294,0.35282480691214296,False
Hb,TARC,20,39,0.15191090506254976,"[-0.16, 0.44]",0.3430575071681934,0.49003591601607444,False
HKR,TARC,20,39,0.20189321327181267,"[-0.11, 0.48]",0.20556623878246003,0.35282480691214296,False
MCV,TARC,20,39,0.25301215685249545,"[-0.06, 0.52]",0.11047574162655156,0.22817886821932612,False
MCH,TARC,20,39,0.1581138830084191,"[-0.16, 0.44]",0.32347494517138187,0.4718677418011577,False
Trom,TARC,20,39,0.30000000000000016,"[-0.01, 0.56]",0.05669100677848814,0.13767815931918667,False
Neutr,TARC,20,39,-0.024999999999999453,"[-0.33, 0.28]",0.8767016791266298,0.9226241480332628,False
Lymfos,TARC,20,39,0.18868297703498518,"[-0.13, 0.47]",0.23742561415580288,0.3854262673429648,False
Monos,TARC,20,39,0.21384070730631677,"[-0.10, 0.49]",0.17943606663614683,0.31348119151453324,False
Eosin,TARC,20,39,0.1762559969776581,"[-0.14, 0.46]",0.27031181412776883,0.4216630604396233,False
Basof,TARC,20,39,0.38829013735766044,"[0.09, 0.62]",0.01211829899416939,0.040887695842923025,True
Lactic acid,TARC,20,39,0.2911625680365539,"[-0.02, 0.55]",0.06475624452706534,0.15224606426044085,False
Leuk,VEGF-D,20,39,0.42499999999999993,"[0.14, 0.65]",0.005608377882559744,0.021555678470360058,True
Eryt,VEGF-D,20,39,0.55347006596929,"[0.30, 0.74]",0.00017441425388159876,0.0012434048421881717,True
Hb,VEGF-D,20,39,0.506369683541833,"[0.24, 0.70]",0.0007301652282803091,0.003842059891665436,True
HKR,VEGF-D,20,39,0.6191391873668907,"[0.38, 0.78]",1.592701636364537e-05,0.0001676128864936013,True
MCV,VEGF-D,20,39,0.31139957766460963,"[0.00, 0.56]",0.04749595107591116,0.11996120214601562,False
MCH,VEGF-D,20,39,-2.633125101432524e-17,"[-0.31, 0.31]",1.0,1.0,False
Trom,VEGF-D,20,39,0.6499999999999999,"[0.43, 0.80]",4.241254018711008e-06,6.248780920900886e-05,True
Neutr,VEGF-D,20,39,-0.09999999999999938,"[-0.40, 0.21]",0.5338939001152971,0.6666132877145801,False
Lymfos,VEGF-D,20,39,0.5157334705622932,"[0.25, 0.71]",0.0005583441453173186,0.0031239001548133524,True
Monos,VEGF-D,20,39,0.5031546054266275,"[0.23, 0.70]",0.0007992199511305953,0.004107618818601432,True
Eosin,VEGF-D,20,39,0.5965587590013043,"[0.35, 0.76]",3.848636092063703e-05,0.0003780215894871459,True
Basof,VEGF-D,20,39,0.7627127698096902,"[0.59, 0.87]",6.797205458521436e-09,6.008729625332949e-07,True
Lactic acid,VEGF-D,20,39,0.7342360411356581,"[0.55, 0.85]",4.671164693613199e-08,1.87695890416094e-06,True
Leuk,IL-2,20,39,0.19999999999999973,"[-0.11, 0.48]",0.2099387425744199,0.35282480691214296,False
Eryt,IL-2,20,39,0.18868297703498502,"[-0.13, 0.47]",0.23742561415580288,0.3854262673429648,False
Hb,IL-2,20,39,0.21520711550527877,"[-0.10, 0.49]",0.1766063542079387,0.31348119151453324,False
HKR,IL-2,20,39,0.18843366572035822,"[-0.13, 0.47]",0.23805740041771356,0.3854262673429648,False
MCV,IL-2,20,39,0.07784989441615278,"[-0.24, 0.38]",0.6285262725136624,0.7517361249193527,False
MCH,IL-2,20,39,0.2371708245126283,"[-0.08, 0.51]",0.1354199479964372,0.26137824023766476,False
Trom,IL-2,20,39,0.0499999999999999,"[-0.26, 0.35]",0.7562191489680836,0.8377164507365739,False
Neutr,IL-2,20,39,4.787836793695989e-16,"[-0.31, 0.31]",1.0,1.0,False
Lymfos,IL-2,20,39,0.1635252467636538,"[-0.15, 0.45]",0.3069756528698824,0.46949217497746715,False
Monos,IL-2,20,39,0.1383675164923224,"[-0.18, 0.43]",0.38827726451989886,0.5329768662043333,False
Eosin,IL-2,20,39,0.28472122588698595,"[-0.03, 0.54]",0.07118826135830712,0.16473932733178925,False
Basof,IL-2,20,39,0.22188007849009153,"[-0.09, 0.50]",0.16324566452963682,0.30064409884208115,False
Lactic acid,IL-2,20,39,0.4050957468334662,"[0.11, 0.63]",0.008605028569980485,0.031175595310912903,True
Leuk,IP-10,20,39,0.24999999999999994,"[-0.06, 0.52]",0.11492787448834065,0.23409272130804945,False
Eryt,IP-10,20,39,0.3522082237986392,"[0.05, 0.60]",0.02392074837731275,0.07048647188514823,False
Hb,IP-10,20,39,0.27850332594800814,"[-0.03, 0.54]",0.07786442509379014,0.1783216367432914,False
HKR,IP-10,20,39,0.4172459740950788,"[0.13, 0.64]",0.00664607012805115,0.0248946016660899,True
MCV,IP-10,20,39,0.27247463045653353,"[-0.04, 0.54]",0.08479569816114299,0.1846290570799298,False
MCH,IP-10,20,39,0.15811388300841894,"[-0.16, 0.44]",0.32347494517138187,0.4718677418011577,False
Trom,IP-10,20,39,0.425,"[0.14, 0.65]",0.005608377882559744,0.021555678470360058,True
Neutr,IP-10,20,39,-0.07499999999999951,"[-0.37, 0.24]",0.6411866947841538,0.7517361249193527,False
Lymfos,IP-10,20,39,0.4276814146126333,"[0.14, 0.65]",0.005283797103535455,0.021039984862726766,True
Monos,IP-10,20,39,0.364787088934305,"[0.06, 0.60]",0.019027549587246808,0.057603951490158144,False
Eosin,IP-10,20,39,0.25760491865965407,"[-0.05, 0.52]",0.10394095705411464,0.21981771778908457,False
Basof,IP-10,20,39,0.4576276618858141,"[0.17, 0.67]",0.0026265671148333284,0.01138263630094166,True
Lactic acid,IP-10,20,39,0.3797772626563748,"[0.08, 0.62]",0.014321577954681376,0.047955586787645214,True
Leuk,IL-7,20,39,-0.17499999999999977,"[-0.46, 0.14]",0.27379479263839795,0.4216630604396233,False
Eryt,IL-7,20,39,-0.15094638162798832,"[-0.44, 0.16]",0.34616651092511663,0.49003591601607444,False
Hb,IL-7,20,39,-0.10127393670836662,"[-0.40, 0.21]",0.5286693398642885,0.6666132877145801,False
HKR,IL-7,20,39,-0.1615145706174489,"[-0.45, 0.15]",0.3130425439319446,0.4718677418011577,False
MCV,IL-7,20,39,-0.07784989441615167,"[-0.38, 0.24]",0.6285262725136687,0.7517361249193527,False
MCH,IL-7,20,39,-0.15811388300841886,"[-0.44, 0.16]",0.32347494517138187,0.4718677418011577,False
Trom,IL-7,20,39,-0.22499999999999967,"[-0.50, 0.09]",0.1572566507556232,0.2908261072551693,False
Neutr,IL-7,20,39,0.025000000000000567,"[-0.28, 0.33]",0.8767016791266298,0.9226241480332628,False
Lymfos,IL-7,20,39,-0.21384070730631663,"[-0.49, 0.10]",0.17943606663614683,0.31348119151453324,False
Monos,IL-7,20,39,-0.20126184217065102,"[-0.48, 0.11]",0.2070173066653294,0.35282480691214296,False
Eosin,IL-7,20,39,-0.16269784336399207,"[-0.45, 0.15]",0.3094630862723858,0.4716644280427397,False
Basof,IL-7,20,39,-0.15254255396193794,"[-0.44, 0.16]",0.34103079890799515,0.49003591601607444,False
Lactic acid,IL-7,20,39,-0.22786635759382512,"[-0.50, 0.09]",0.15189688033041746,0.2869163295130133,False
Leuk,Eotaxin,20,39,0.275,"[-0.04, 0.54]",0.08183609289594682,0.18176659829150152,False
Eryt,Eotaxin,20,39,0.49057574029096174,"[0.22, 0.69]",0.0011287099298655612,0.005307338180857213,True
Hb,Eotaxin,20,39,0.48105119936474144,"[0.20, 0.69]",0.0014533369050282246,0.0066224217734275805,True
HKR,Eotaxin,20,39,0.4845437118523494,"[0.21, 0.69]",0.001325791360291953,0.006104164388010867,True
MCV,Eotaxin,20,39,0.23354968324845748,"[-0.08, 0.50]",0.14166704294689536,0.2722470999240337,False
MCH,Eotaxin,20,39,6.58281275358131e-17,"[-0.31, 0.31]",1.0,1.0,False
Trom,Eotaxin,20,39,0.37499999999999994,"[0.08, 0.61]",0.015700418653338422,0.04992507226457254,True
Neutr,Eotaxin,20,39,0.05000000000000054,"[-0.26, 0.35]",0.7562191489680836,0.8377164507365739,False
Lymfos,Eotaxin,20,39,0.3899448192056364,"[0.09, 0.62]",0.011725379970647437,0.040175332922683465,True
Monos,Eotaxin,20,39,0.36478708893430495,"[0.06, 0.60]",0.019027549587246808,0.057603951490158144,False
Eosin,Eotaxin,20,39,0.5558842981603063,"[0.30, 0.74]",0.00016112867456164257,0.0011869812359374336,True
Basof,Eotaxin,20,39,0.4992301766027062,"[0.23, 0.70]",0.0008913597859769785,0.0044267530944025225,True
Lactic acid,Eotaxin,20,39,0.519028925630379,"[0.25, 0.71]",0.0005070991425733915,0.0029108807924342825,True
Leuk,IL-6,20,39,0.17499999999999968,"[-0.14, 0.46]",0.27379479263839795,0.4216630604396233,False
Eryt,IL-6,20,39,-0.06289432567832882,"[-0.36, 0.25]",0.6960536804750269,0.8053814836909997,False
Hb,IL-6,20,39,-0.07595545253127546,"[-0.37, 0.24]",0.6369307583072132,0.7517361249193527,False
HKR,IL-6,20,39,-0.040378642654362085,"[-0.34, 0.27]",0.8020801681614891,0.88408836490618,False
MCV,IL-6,20,39,0.17516226243634306,"[-0.14, 0.46]",0.2733431760408862,0.4216630604396233,False
MCH,IL-6,20,39,0.15811388300841872,"[-0.16, 0.44]",0.32347494517138187,0.4718677418011577,False
Trom,IL-6,20,39,-0.15000000000000022,"[-0.44, 0.17]",0.3492337410521762,0.49003591601607444,False
Neutr,IL-6,20,39,0.1250000000000002,"[-0.19, 0.42]",0.4361566470231073,0.5679296819010217,False
Lymfos,IL-6,20,39,0.10063092108532533,"[-0.21, 0.40]",0.5313032912665417,0.6666132877145801,False
Monos,IL-6,20,39,-2.722539031624885e-16,"[-0.31, 0.31]",1.0,1.0,False
Eosin,IL-6,20,39,-0.10846522890932841,"[-0.40, 0.21]",0.4996541821636393,0.638286556405574,False
Basof,IL-6,20,39,-0.13867504905630748,"[-0.43, 0.18]",0.38721332881620374,0.5329768662043333,False
Lactic acid,IL-6,20,39,-0.17722938923964243,"[-0.46, 0.14]",0.26763268815996794,0.4216630604396233,False
Leuk,IL-4,20,39,-0.05000000000000023,"[-0.35, 0.26]",0.7562191489680836,0.8377164507365739,False
Eryt,IL-4,20,39,-0.025157730271331846,"[-0.33, 0.28]",0.8759298006814945,0.9226241480332628,False
Hb,IL-4,20,39,0.06329621044272873,"[-0.25, 0.36]",0.6942055139365308,0.8053512786350305,False
HKR,IL-4,20,39,-0.09421683286017864,"[-0.39, 0.22]",0.5579217385555069,0.6888307498366872,False
MCV,IL-4,20,39,-0.19462473604038039,"[-0.47, 0.12]",0.22270450260215943,0.37005785770734767,False
MCH,IL-4,20,39,0.07905694150420915,"[-0.23, 0.38]",0.6231952830196226,0.7505512672879378,False
Trom,IL-4,20,39,-0.15000000000000022,"[-0.44, 0.17]",0.3492337410521762,0.49003591601607444,False
Neutr,IL-4,20,39,-0.049999999999999704,"[-0.35, 0.26]",0.7562191489680836,0.8377164507365739,False
Lymfos,IL-4,20,39,-0.012578865135666016,"[-0.32, 0.30]",0.9377833563109993,0.9707265655490906,False
Monos,IL-4,20,39,0.012578865135665352,"[-0.30, 0.32]",0.9377833563109993,0.9707265655490906,False
Eosin,IL-4,20,39,0.06779076806832969,"[-0.24, 0.37]",0.6736572932449978,0.783569798984971,False
Basof,IL-4,20,39,0.055470019622522786,"[-0.26, 0.36]",0.7304983348043161,0.8377164507365739,False
Lactic acid,IL-4,20,39,-6.954382876165993e-16,"[-0.31, 0.31]",1.0,1.0,False
Leuk,MCP-1,20,39,-0.025000000000000064,"[-0.33, 0.28]",0.8767016791266298,0.9226241480332628,False
Eryt,MCP-1,20,39,0.05031546054266242,"[-0.26, 0.35]",0.7547284319821241,0.8377164507365739,False
Hb,MCP-1,20,39,-3.0489658915210514e-16,"[-0.31, 0.31]",1.0,1.0,False
HKR,MCP-1,20,39,0.09421683286017947,"[-0.22, 0.39]",0.5579217385555044,0.6888307498366872,False
MCV,MCP-1,20,39,0.3697869984767238,"[0.07, 0.61]",0.01733139277150578,0.05471768289289682,False
MCH,MCP-1,20,39,0.15811388300841883,"[-0.16, 0.44]",0.32347494517138187,0.4718677418011577,False
Trom,MCP-1,20,39,0.1499999999999998,"[-0.17, 0.44]",0.34923374105217864,0.49003591601607444,False
Neutr,MCP-1,20,39,3.6082248300317592e-16,"[-0.31, 0.31]",1.0,1.0,False
Lymfos,MCP-1,20,39,0.10063092108532527,"[-0.21, 0.40]",0.5313032912665417,0.6666132877145801,False
Monos,MCP-1,20,39,0.012578865135665546,"[-0.30, 0.32]",0.9377833563109993,0.9707265655490906,False
Eosin,MCP-1,20,39,0.054232614454663694,"[-0.26, 0.36]",0.7362924926363607,0.8377164507365739,False
Basof,MCP-1,20,39,0.31895261282950665,"[0.01, 0.57]",0.04209657415440649,0.10881102793127292,False
Lactic acid,MCP-1,20,39,0.22786635759382431,"[-0.09, 0.50]",0.15189688033041882,0.2869163295130133,False
Leuk,VEGF,20,39,-0.20000000000000007,"[-0.48, 0.11]",0.20993874257441825,0.35282480691214296,False
Eryt,VEGF,20,39,-0.21384070730631727,"[-0.49, 0.10]",0.17943606663614495,0.31348119151453324,False
Hb,VEGF,20,39,-0.26584408385946273,"[-0.53, 0.05]",0.09296268286085023,0.19850002813766088,False
HKR,VEGF,20,39,-0.29611004613199077,"[-0.55, 0.01]",0.06013600656606858,0.14524652952023123,False
MCV,VEGF,20,39,-0.2140872096444185,"[-0.49, 0.10]",0.17892320231997358,0.31348119151453324,False
MCH,VEGF,20,39,-0.15811388300841914,"[-0.44, 0.16]",0.32347494517138187,0.4718677418011577,False
Trom,VEGF,20,39,-0.37499999999999994,"[-0.61, -0.08]",0.015700418653338422,0.04992507226457254,True
Neutr,VEGF,20,39,-0.12499999999999958,"[-0.42, 0.19]",0.43615664702310897,0.5679296819010217,False
Lymfos,VEGF,20,39,-0.377365954069971,"[-0.61, -0.08]",0.015004138812269497,0.04949126384345623,True
Monos,VEGF,20,39,-0.2767350329846454,"[-0.54, 0.03]",0.07984982710594811,0.1809929414401496,False
Eosin,VEGF,20,39,-0.24404676504598843,"[-0.51, 0.07]",0.1241241413844939,0.24937668405430216,False
Basof,VEGF,20,39,-0.15254255396193822,"[-0.44, 0.16]",0.34103079890799515,0.49003591601607444,False
Lactic acid,VEGF,20,39,-0.3291402943021923,"[-0.58, -0.02]",0.03561505890517238,0.09483045804871384,False
