Variable_A,Variable_B,TimeWindow,n,df,r,CI_95%,p_val,p_adj,is_significant
Leuk,VCAM-1,time1,20,17,-0.42389370946843713,"[-0.74, 0.04]",0.07050393846921477,0.9057854731763048,False
Eryt,VCAM-1,time1,20,17,0.2263081013692665,"[-0.25, 0.62]",0.351516767880672,0.9320303772326995,False
Hb,VCAM-1,time1,20,17,0.17682146913243527,"[-0.30, 0.58]",0.4689685322663697,0.9320303772326995,False
HKR,VCAM-1,time1,20,17,0.04663517810289439,"[-0.42, 0.49]",0.8496382258154617,0.962896375916522,False
MCV,VCAM-1,time1,20,17,-0.1518266692548788,"[-0.57, 0.32]",0.5349402879631944,0.9320303772326995,False
MCH,VCAM-1,time1,20,17,0.2580299165101157,"[-0.22, 0.64]",0.2861687798406604,0.9320303772326995,False
Trom,VCAM-1,time1,20,17,-0.209080704955244,"[-0.61, 0.27]",0.39031678193164654,0.9320303772326995,False
Neutr,VCAM-1,time1,20,17,-0.5189640485670792,"[-0.79, -0.08]",0.022796991000522487,0.8353489929906648,False
Lymfos,VCAM-1,time1,20,17,0.19899643129781558,"[-0.28, 0.60]",0.4140800827928579,0.9320303772326995,False
Monos,VCAM-1,time1,20,17,-0.28658188065558005,"[-0.66, 0.19]",0.23423137553099074,0.9320303772326995,False
Eosin,VCAM-1,time1,20,17,0.1668574838370025,"[-0.31, 0.58]",0.4947654410979647,0.9320303772326995,False
Basof,VCAM-1,time1,20,17,-0.386657101865136,"[-0.72, 0.08]",0.10198363820339085,0.9057854731763048,False
Lactic acid,VCAM-1,time1,20,17,-0.15840309601464678,"[-0.57, 0.32]",0.5171806291918244,0.9320303772326995,False
Leuk,MIP-1α,time1,20,17,-0.1806670338918007,"[-0.59, 0.30]",0.4591967373098087,0.9320303772326995,False
Eryt,MIP-1α,time1,20,17,-0.29408317296879766,"[-0.66, 0.18]",0.22166832903589395,0.9320303772326995,False
Hb,MIP-1α,time1,20,17,0.027181537577747876,"[-0.43, 0.48]",0.9120463715678924,0.9737129747562666,False
HKR,MIP-1α,time1,20,17,-0.16845669291224177,"[-0.58, 0.31]",0.4905792567692847,0.9320303772326995,False
MCV,MIP-1α,time1,20,17,0.24354468374101257,"[-0.24, 0.63]",0.3150166453732719,0.9320303772326995,False
MCH,MIP-1α,time1,20,17,0.5083701800371994,"[0.07, 0.78]",0.026250158043686515,0.8353489929906648,False
Trom,MIP-1α,time1,20,17,-0.0900363291650656,"[-0.52, 0.38]",0.7139461467152247,0.9434233436262147,False
Neutr,MIP-1α,time1,20,17,-0.07314835880122107,"[-0.51, 0.39]",0.7660093726974511,0.9434233436262147,False
Lymfos,MIP-1α,time1,20,17,-0.3137646113693235,"[-0.67, 0.16]",0.19082274375706892,0.9320303772326995,False
Monos,MIP-1α,time1,20,17,-0.2620696162170443,"[-0.64, 0.22]",0.27842314726626227,0.9320303772326995,False
Eosin,MIP-1α,time1,20,17,0.29310423898356974,"[-0.19, 0.66]",0.22328242139515028,0.9320303772326995,False
Basof,MIP-1α,time1,20,17,-0.3961114898180743,"[-0.72, 0.07]",0.0931755727634148,0.9057854731763048,False
Lactic acid,MIP-1α,time1,20,17,0.4825675370529953,"[0.04, 0.77]",0.03638246709482487,0.84782515712751,False
Leuk,VEGF1,time1,20,17,0.006319838759819859,"[-0.45, 0.46]",0.979514614486821,0.9929941734017772,False
Eryt,VEGF1,time1,20,17,-0.3720263732378452,"[-0.71, 0.10]",0.11677680032656657,0.9057854731763048,False
Hb,VEGF1,time1,20,17,-0.16040951885372876,"[-0.57, 0.32]",0.5118181376459356,0.9320303772326995,False
HKR,VEGF1,time1,20,17,-0.06795658331904503,"[-0.51, 0.40]",0.7822213803650697,0.9513651463457113,False
MCV,VEGF1,time1,20,17,0.4013529221744817,"[-0.06, 0.72]",0.08853829306228127,0.9057854731763048,False
MCH,VEGF1,time1,20,17,0.36758218500582696,"[-0.10, 0.70]",0.1215585330216618,0.9057854731763048,False
Trom,VEGF1,time1,20,17,0.24079338137393466,"[-0.24, 0.63]",0.3206851337265748,0.9320303772326995,False
Neutr,VEGF1,time1,20,17,0.03676408403385943,"[-0.42, 0.48]",0.8812211360710167,0.9713210527266568,False
Lymfos,VEGF1,time1,20,17,-0.2517740896783719,"[-0.63, 0.23]",0.2984216883352147,0.9320303772326995,False
Monos,VEGF1,time1,20,17,-0.11724029523265257,"[-0.54, 0.36]",0.6326509732788648,0.9434233436262147,False
Eosin,VEGF1,time1,20,17,-0.0851946753073897,"[-0.52, 0.38]",0.7287600371247391,0.9434233436262147,False
Basof,VEGF1,time1,20,17,-0.40952595180686596,"[-0.73, 0.05]",0.08164764401777373,0.9057854731763048,False
Lactic acid,VEGF1,time1,20,17,0.24534307530748978,"[-0.24, 0.63]",0.3113439836214219,0.9320303772326995,False
Leuk,MDC,time1,20,17,-0.09523160532225705,"[-0.53, 0.38]",0.6981586709036884,0.9434233436262147,False
Eryt,MDC,time1,20,17,-0.12881067081726608,"[-0.55, 0.35]",0.5991988393785787,0.9434233436262147,False
Hb,MDC,time1,20,17,0.033595325852198904,"[-0.43, 0.48]",0.8913984756136177,0.9714723715309407,False
HKR,MDC,time1,20,17,-0.038080903840863996,"[-0.48, 0.42]",0.8769969536774549,0.9713210527266568,False
MCV,MDC,time1,20,17,0.2844777670469973,"[-0.19, 0.65]",0.2378358989750203,0.9320303772326995,False
MCH,MDC,time1,20,17,0.40192482654335454,"[-0.06, 0.72]",0.08804272721982437,0.9057854731763048,False
Trom,MDC,time1,20,17,0.16341118149952438,"[-0.31, 0.57]",0.5038452620590196,0.9320303772326995,False
Neutr,MDC,time1,20,17,-0.16978938890541395,"[-0.58, 0.31]",0.4871039807157187,0.9320303772326995,False
Lymfos,MDC,time1,20,17,0.1301395452108652,"[-0.34, 0.55]",0.5954039510904481,0.9434233436262147,False
Monos,MDC,time1,20,17,-0.09434125129764155,"[-0.53, 0.38]",0.7008560842580627,0.9434233436262147,False
Eosin,MDC,time1,20,17,0.4334367877437642,"[-0.03, 0.74]",0.06375575715365882,0.9057854731763048,False
Basof,MDC,time1,20,17,-0.32609001410211375,"[-0.68, 0.15]",0.17304425285792885,0.9320303772326995,False
Lactic acid,MDC,time1,20,17,0.15047812027332919,"[-0.33, 0.57]",0.5386162159813175,0.9320303772326995,False
Leuk,SAA,time1,20,17,-0.2704068607252948,"[-0.65, 0.21]",0.2628515691707838,0.9320303772326995,False
Eryt,SAA,time1,20,17,-0.20342768486431959,"[-0.60, 0.28]",0.40354375005929066,0.9320303772326995,False
Hb,SAA,time1,20,17,-0.3253909581662411,"[-0.68, 0.15]",0.17402134502616184,0.9320303772326995,False
HKR,SAA,time1,20,17,-0.4054516609411776,"[-0.73, 0.06]",0.08503143428092282,0.9057854731763048,False
MCV,SAA,time1,20,17,-0.363235530837926,"[-0.70, 0.11]",0.1263682325400999,0.9057854731763048,False
MCH,SAA,time1,20,17,-0.3065256466982105,"[-0.67, 0.17]",0.2018138792599322,0.9320303772326995,False
Trom,SAA,time1,20,17,0.24039080793534764,"[-0.24, 0.63]",0.3215195975979766,0.9320303772326995,False
Neutr,SAA,time1,20,17,-0.2817923222510632,"[-0.65, 0.20]",0.24248769745332205,0.9320303772326995,False
Lymfos,SAA,time1,20,17,-0.18223451376873717,"[-0.59, 0.30]",0.45524365054487825,0.9320303772326995,False
Monos,SAA,time1,20,17,-0.08685983800221028,"[-0.52, 0.38]",0.7236544902776653,0.9434233436262147,False
Eosin,SAA,time1,20,17,-0.1339477123964169,"[-0.55, 0.34]",0.5845845708777233,0.9434233436262147,False
Basof,SAA,time1,20,17,0.0756753974336289,"[-0.39, 0.51]",0.7581514803688949,0.9434233436262147,False
Lactic acid,SAA,time1,20,17,0.3541013702066003,"[-0.12, 0.70]",0.13691076044128414,0.9057854731763048,False
Leuk,IL-8,time1,20,17,-0.19767305756863507,"[-0.60, 0.28]",0.4172551131452964,0.9320303772326995,False
Eryt,IL-8,time1,20,17,-0.6276001452093305,"[-0.84, -0.24]",0.004018576163836443,0.5920702214719026,False
Hb,IL-8,time1,20,17,-0.5707296492948857,"[-0.81, -0.16]",0.010711648945478955,0.7890914723169496,False
HKR,IL-8,time1,20,17,-0.551919763649417,"[-0.80, -0.13]",0.01428551628047513,0.7892747744962509,False
MCV,IL-8,time1,20,17,0.1380559734918177,"[-0.34, 0.56]",0.5730068010894733,0.9434233436262147,False
MCH,IL-8,time1,20,17,0.5022079894875435,"[0.06, 0.78]",0.028439683579092837,0.8353489929906648,False
Trom,IL-8,time1,20,17,0.10873538265588827,"[-0.36, 0.54]",0.6576881159959467,0.9434233436262147,False
Neutr,IL-8,time1,20,17,-0.3454365405488193,"[-0.69, 0.13]",0.14746711355105427,0.9320303772326995,False
Lymfos,IL-8,time1,20,17,0.22888635906247817,"[-0.25, 0.62]",0.3459081584866217,0.9320303772326995,False
Monos,IL-8,time1,20,17,-0.06599858083274784,"[-0.51, 0.40]",0.7883582805896847,0.9513651463457113,False
Eosin,IL-8,time1,20,17,-0.391494999127668,"[-0.72, 0.08]",0.09740436210407682,0.9057854731763048,False
Basof,IL-8,time1,20,17,-0.25295820535299124,"[-0.63, 0.23]",0.29607838952835575,0.9320303772326995,False
Lactic acid,IL-8,time1,20,17,0.06518352630331176,"[-0.40, 0.50]",0.7909164226153381,0.9513651463457113,False
Leuk,IL-16,time1,20,17,0.12323989323503531,"[-0.35, 0.55]",0.6152144369280448,0.9434233436262147,False
Eryt,IL-16,time1,20,17,-0.16557206632949104,"[-0.58, 0.31]",0.49814275115684825,0.9320303772326995,False
Hb,IL-16,time1,20,17,-0.16376392439062823,"[-0.58, 0.31]",0.5029122518201755,0.9320303772326995,False
HKR,IL-16,time1,20,17,-0.1549220012231049,"[-0.57, 0.32]",0.526546659193059,0.9320303772326995,False
MCV,IL-16,time1,20,17,0.1669961168293471,"[-0.31, 0.58]",0.49440186197994407,0.9320303772326995,False
MCH,IL-16,time1,20,17,0.3537717844754485,"[-0.12, 0.70]",0.13730232285704166,0.9057854731763048,False
Trom,IL-16,time1,20,17,0.0432666044153355,"[-0.42, 0.49]",0.8603938702420512,0.965213428038037,False
Neutr,IL-16,time1,20,17,0.07959904761005052,"[-0.39, 0.52]",0.7459959040043315,0.9434233436262147,False
Lymfos,IL-16,time1,20,17,0.29189628169194154,"[-0.19, 0.66]",0.22528463361357118,0.9320303772326995,False
Monos,IL-16,time1,20,17,0.10314896391128103,"[-0.37, 0.53]",0.6743277169444403,0.9434233436262147,False
Eosin,IL-16,time1,20,17,0.2767804276914733,"[-0.20, 0.65]",0.251323845263105,0.9320303772326995,False
Basof,IL-16,time1,20,17,-0.1408299983908265,"[-0.56, 0.33]",0.5652455427211305,0.9434233436262147,False
Lactic acid,IL-16,time1,20,17,-0.28589209442205044,"[-0.66, 0.19]",0.2354091409525524,0.9320303772326995,False
Leuk,TNF-α,time1,20,17,0.006393139778535712,"[-0.45, 0.46]",0.9792770618225659,0.9929941734017772,False
Eryt,TNF-α,time1,20,17,-0.11850860484589346,"[-0.54, 0.35]",0.6289490095098099,0.9434233436262147,False
Hb,TNF-α,time1,20,17,0.062290406161163,"[-0.40, 0.50]",0.8000131834817379,0.9556914245916976,False
HKR,TNF-α,time1,20,17,0.11010096223754882,"[-0.36, 0.54]",0.6536436017165469,0.9434233436262147,False
MCV,TNF-α,time1,20,17,0.2268868444671242,"[-0.25, 0.62]",0.35025326948195534,0.9320303772326995,False
MCH,TNF-α,time1,20,17,0.23666469243030586,"[-0.24, 0.62]",0.32930418553473595,0.9320303772326995,False
Trom,TNF-α,time1,20,17,-0.16518104533493796,"[-0.58, 0.31]",0.49917232613866547,0.9320303772326995,False
Neutr,TNF-α,time1,20,17,-0.012464205553499362,"[-0.46, 0.44]",0.9596096653487951,0.9929941734017772,False
Lymfos,TNF-α,time1,20,17,-0.12065160283380977,"[-0.54, 0.35]",0.6227132422624984,0.9434233436262147,False
Monos,TNF-α,time1,20,17,-0.22087421801857637,"[-0.61, 0.26]",0.3635073473002641,0.9320303772326995,False
Eosin,TNF-α,time1,20,17,0.21859773575683386,"[-0.26, 0.61]",0.3685989076710888,0.9320303772326995,False
Basof,TNF-α,time1,20,17,-0.10850017364071458,"[-0.54, 0.36]",0.6583856718837986,0.9434233436262147,False
Lactic acid,TNF-α,time1,20,17,0.009447512291751932,"[-0.45, 0.46]",0.969380219686385,0.9929941734017772,False
Leuk,MCP-4,time1,20,17,0.07705469815738013,"[-0.39, 0.51]",0.7538720143240714,0.9434233436262147,False
Eryt,MCP-4,time1,20,17,-0.22051190616330335,"[-0.61, 0.26]",0.3643150037778471,0.9320303772326995,False
Hb,MCP-4,time1,20,17,0.006843487294257257,"[-0.45, 0.46]",0.9778176208067313,0.9929941734017772,False
HKR,MCP-4,time1,20,17,-0.03809329460937651,"[-0.48, 0.42]",0.8769572206804515,0.9713210527266568,False
MCV,MCP-4,time1,20,17,0.3756322393640535,"[-0.09, 0.71]",0.11299684190186639,0.9057854731763048,False
MCH,MCP-4,time1,20,17,0.4459038831080728,"[-0.01, 0.75]",0.05568419825465443,0.9057854731763048,False
Trom,MCP-4,time1,20,17,-0.1315232088436357,"[-0.55, 0.34]",0.5914632290727698,0.9434233436262147,False
Neutr,MCP-4,time1,20,17,0.11410688858094982,"[-0.36, 0.54]",0.6418325898076866,0.9434233436262147,False
Lymfos,MCP-4,time1,20,17,-0.07992578862553304,"[-0.52, 0.39]",0.7449861945276437,0.9434233436262147,False
Monos,MCP-4,time1,20,17,0.17147863985285222,"[-0.31, 0.58]",0.4827163468223322,0.9320303772326995,False
Eosin,MCP-4,time1,20,17,0.25108132808975914,"[-0.23, 0.63]",0.2997978252521404,0.9320303772326995,False
Basof,MCP-4,time1,20,17,-0.3678154911771133,"[-0.70, 0.10]",0.12130410427134487,0.9057854731763048,False
Lactic acid,MCP-4,time1,20,17,0.08310349366228822,"[-0.39, 0.52]",0.7351872933719259,0.9434233436262147,False
Leuk,Tie-2,time1,20,17,-0.26986130367563355,"[-0.65, 0.21]",0.26385345119655945,0.9320303772326995,False
Eryt,Tie-2,time1,20,17,0.2763719800368319,"[-0.20, 0.65]",0.25205282327492473,0.9320303772326995,False
Hb,Tie-2,time1,20,17,0.09837257399543362,"[-0.37, 0.53]",0.6886706268855814,0.9434233436262147,False
HKR,Tie-2,time1,20,17,0.09062487478662196,"[-0.38, 0.52]",0.7121519297725856,0.9434233436262147,False
MCV,Tie-2,time1,20,17,-0.2755876324941756,"[-0.65, 0.20]",0.25345644041975046,0.9320303772326995,False
MCH,Tie-2,time1,20,17,0.0021883779018843697,"[-0.45, 0.46]",0.9929058784107139,0.9996911122039533,False
Trom,Tie-2,time1,20,17,-0.39832955748229587,"[-0.72, 0.07]",0.09119206377718969,0.9057854731763048,False
Neutr,Tie-2,time1,20,17,-0.23324466200790625,"[-0.62, 0.25]",0.3365459941898057,0.9320303772326995,False
Lymfos,Tie-2,time1,20,17,-0.024829039135597385,"[-0.47, 0.43]",0.9196339963656234,0.9737129747562666,False
Monos,Tie-2,time1,20,17,-0.0526505227079591,"[-0.50, 0.41]",0.8304958659760072,0.962896375916522,False
Eosin,Tie-2,time1,20,17,-0.305511976737391,"[-0.67, 0.17]",0.2033857132265154,0.9320303772326995,False
Basof,Tie-2,time1,20,17,-0.28857717920532244,"[-0.66, 0.19]",0.23084591312568203,0.9320303772326995,False
Lactic acid,Tie-2,time1,20,17,-0.31289461238380756,"[-0.67, 0.16]",0.19212206268833476,0.9320303772326995,False
Leuk,Flt-1,time1,20,17,0.17868651215406225,"[-0.30, 0.59]",0.4642163565492077,0.9320303772326995,False
Eryt,Flt-1,time1,20,17,-0.4480403320020011,"[-0.75, 0.01]",0.054382436650617115,0.9057854731763048,False
Hb,Flt-1,time1,20,17,-0.24988616961624885,"[-0.63, 0.23]",0.3021809690123629,0.9320303772326995,False
HKR,Flt-1,time1,20,17,-0.059273679265520546,"[-0.50, 0.41]",0.8095249075292013,0.959276163881788,False
MCV,Flt-1,time1,20,17,0.5372875871849582,"[0.11, 0.80]",0.01767793842592467,0.8353489929906648,False
MCH,Flt-1,time1,20,17,0.5721810754793132,"[0.16, 0.81]",0.010469090264666803,0.7890914723169496,False
Trom,Flt-1,time1,20,17,0.09847910191594336,"[-0.37, 0.53]",0.6883496036770325,0.9434233436262147,False
Neutr,Flt-1,time1,20,17,0.13920611997427979,"[-0.34, 0.56]",0.569783312355088,0.9434233436262147,False
Lymfos,Flt-1,time1,20,17,0.029848746391582418,"[-0.43, 0.48]",0.9034525356955169,0.9715961576092906,False
Monos,Flt-1,time1,20,17,0.014392479244452099,"[-0.44, 0.47]",0.9533671189153623,0.9929941734017772,False
Eosin,Flt-1,time1,20,17,-0.06681604221471803,"[-0.51, 0.40]",0.7857946659138273,0.9513651463457113,False
Basof,Flt-1,time1,20,17,-0.17976611873373544,"[-0.59, 0.30]",0.46147666772131546,0.9320303772326995,False
Lactic acid,Flt-1,time1,20,17,-0.10429774039905235,"[-0.53, 0.37]",0.6708938451418318,0.9434233436262147,False
Leuk,MIP-1β,time1,20,17,-0.022015628044965353,"[-0.47, 0.44]",0.9287169093568328,0.9773639855612384,False
Eryt,MIP-1β,time1,20,17,-0.1829246494309226,"[-0.59, 0.30]",0.4535087090365253,0.9320303772326995,False
Hb,MIP-1β,time1,20,17,0.1122331916258321,"[-0.36, 0.54]",0.6473469362588002,0.9434233436262147,False
HKR,MIP-1β,time1,20,17,-0.001190415456542636,"[-0.46, 0.45]",0.9961409667077064,1.0,False
MCV,MIP-1β,time1,20,17,0.3424184413571264,"[-0.13, 0.69]",0.15127316528486878,0.9320303772326995,False
MCH,MIP-1β,time1,20,17,0.49741624505557575,"[0.06, 0.78]",0.030238877574322708,0.8353489929906648,False
Trom,MIP-1β,time1,20,17,-0.2422795952382763,"[-0.63, 0.24]",0.31761562378938396,0.9320303772326995,False
Neutr,MIP-1β,time1,20,17,0.04595971901177122,"[-0.42, 0.49]",0.851792947926154,0.962896375916522,False
Lymfos,MIP-1β,time1,20,17,-0.25929412821539316,"[-0.64, 0.22]",0.28373073542894894,0.9320303772326995,False
Monos,MIP-1β,time1,20,17,0.08194554470844272,"[-0.39, 0.52]",0.7387535463912064,0.9434233436262147,False
Eosin,MIP-1β,time1,20,17,0.12089100982099504,"[-0.35, 0.55]",0.622018122333631,0.9434233436262147,False
Basof,MIP-1β,time1,20,17,-0.2814588106398782,"[-0.65, 0.20]",0.24306944250016926,0.9320303772326995,False
Lactic acid,MIP-1β,time1,20,17,0.3122206023573818,"[-0.17, 0.67]",0.19313272960030278,0.9320303772326995,False
Leuk,IL-12p70,time1,20,17,0.00846754924806414,"[-0.45, 0.46]",0.9725551162727053,0.9929941734017772,False
Eryt,IL-12p70,time1,20,17,-0.19795955212387562,"[-0.60, 0.28]",0.4165666538779076,0.9320303772326995,False
Hb,IL-12p70,time1,20,17,-0.1177079814612384,"[-0.54, 0.36]",0.6312849032792673,0.9434233436262147,False
HKR,IL-12p70,time1,20,17,-0.017856231848144704,"[-0.47, 0.44]",0.9421604082876955,0.9891565331666543,False
MCV,IL-12p70,time1,20,17,0.06010115829824852,"[-0.41, 0.50]",0.8069132663050025,0.9587517841580944,False
MCH,IL-12p70,time1,20,17,0.17626886353911161,"[-0.30, 0.58]",0.470381263792392,0.9320303772326995,False
Trom,IL-12p70,time1,20,17,-0.16228887173103573,"[-0.57, 0.32]",0.5068192988360962,0.9320303772326995,False
Neutr,IL-12p70,time1,20,17,0.02377226845436472,"[-0.44, 0.47]",0.9230446525404428,0.9737129747562666,False
Lymfos,IL-12p70,time1,20,17,-0.2583647585802121,"[-0.64, 0.22]",0.28552178600252026,0.9320303772326995,False
Monos,IL-12p70,time1,20,17,-0.12898835741143727,"[-0.55, 0.35]",0.5986908405291179,0.9434233436262147,False
Eosin,IL-12p70,time1,20,17,0.04417171512690246,"[-0.42, 0.49]",0.8575015170650159,0.965213428038037,False
Basof,IL-12p70,time1,20,17,-0.0255871646036246,"[-0.47, 0.43]",0.9171880214870651,0.9737129747562666,False
Lactic acid,IL-12p70,time1,20,17,-0.1258202427410347,"[-0.55, 0.35]",0.6077748146796348,0.9434233436262147,False
Leuk,CRP,time1,20,17,-0.31793684645778714,"[-0.67, 0.16]",0.18467332886547821,0.9320303772326995,False
Eryt,CRP,time1,20,17,-0.010428431253075177,"[-0.46, 0.45]",0.9662026676827726,0.9929941734017772,False
Hb,CRP,time1,20,17,-0.23037531729333344,"[-0.62, 0.25]",0.34269289835749983,0.9320303772326995,False
HKR,CRP,time1,20,17,-0.16990861154262754,"[-0.58, 0.31]",0.48679367340691493,0.9320303772326995,False
MCV,CRP,time1,20,17,-0.25938611257662336,"[-0.64, 0.22]",0.2835538429162603,0.9320303772326995,False
MCH,CRP,time1,20,17,-0.4865695490791465,"[-0.77, -0.04]",0.034639213041907625,0.84782515712751,False
Trom,CRP,time1,20,17,0.24350762896756853,"[-0.24, 0.63]",0.31509258911222787,0.9320303772326995,False
Neutr,CRP,time1,20,17,-0.429930129782776,"[-0.74, 0.03]",0.0661765788592165,0.9057854731763048,False
Lymfos,CRP,time1,20,17,0.15671539005731613,"[-0.32, 0.57]",0.5217116623022062,0.9320303772326995,False
Monos,CRP,time1,20,17,-0.09028689928474933,"[-0.52, 0.38]",0.7131820922225249,0.9434233436262147,False
Eosin,CRP,time1,20,17,0.02388940040956182,"[-0.44, 0.47]",0.9226665526311051,0.9737129747562666,False
Basof,CRP,time1,20,17,0.047080535578118456,"[-0.42, 0.49]",0.8482180875844595,0.962896375916522,False
Lactic acid,CRP,time1,20,17,-0.040462997439589164,"[-0.49, 0.42]",0.8693636701897456,0.9703503591511806,False
Leuk,IFN-γ,time1,20,17,0.18484873173983107,"[-0.29, 0.59]",0.44868968517647745,0.9320303772326995,False
Eryt,IFN-γ,time1,20,17,0.12687203822954923,"[-0.35, 0.55]",0.6047527960831167,0.9434233436262147,False
Hb,IFN-γ,time1,20,17,0.21896694492731705,"[-0.26, 0.61]",0.3677704114921605,0.9320303772326995,False
HKR,IFN-γ,time1,20,17,0.3359536014000348,"[-0.14, 0.69]",0.15965326325225473,0.9320303772326995,False
MCV,IFN-γ,time1,20,17,0.2928313445383868,"[-0.19, 0.66]",0.22373373455038123,0.9320303772326995,False
MCH,IFN-γ,time1,20,17,0.19467680712649119,"[-0.28, 0.60]",0.4244916407273648,0.9320303772326995,False
Trom,IFN-γ,time1,20,17,-0.3551670740088512,"[-0.70, 0.12]",0.13565001286399653,0.9057854731763048,False
Neutr,IFN-γ,time1,20,17,0.10208164688942777,"[-0.37, 0.53]",0.6775236283655701,0.9434233436262147,False
Lymfos,IFN-γ,time1,20,17,0.11378566065704741,"[-0.36, 0.54]",0.6427767094514705,0.9434233436262147,False
Monos,IFN-γ,time1,20,17,-0.2339847046624569,"[-0.62, 0.25]",0.3349711466714196,0.9320303772326995,False
Eosin,IFN-γ,time1,20,17,0.08899709558125007,"[-0.38, 0.52]",0.717117820239275,0.9434233436262147,False
Basof,IFN-γ,time1,20,17,-0.33393719856263754,"[-0.68, 0.14]",0.16233098621091852,0.9320303772326995,False
Lactic acid,IFN-γ,time1,20,17,-0.22818482490467093,"[-0.62, 0.25]",0.34742908268213135,0.9320303772326995,False
Leuk,VEGF-C,time1,20,17,-0.1154097564574479,"[-0.54, 0.36]",0.6380087400877015,0.9434233436262147,False
Eryt,VEGF-C,time1,20,17,-0.44288783413380445,"[-0.75, 0.01]",0.05756184754676198,0.9057854731763048,False
Hb,VEGF-C,time1,20,17,-0.2137480084549985,"[-0.61, 0.27]",0.3795791875821858,0.9320303772326995,False
HKR,VEGF-C,time1,20,17,-0.1957029976767421,"[-0.60, 0.28]",0.42200572235794187,0.9320303772326995,False
MCV,VEGF-C,time1,20,17,0.356052092446943,"[-0.12, 0.70]",0.13460922596808694,0.9057854731763048,False
MCH,VEGF-C,time1,20,17,0.5561057360374869,"[0.14, 0.81]",0.013417679270332133,0.7892747744962509,False
Trom,VEGF-C,time1,20,17,0.00015439075987640888,"[-0.45, 0.45]",0.9994995014939039,1.0,False
Neutr,VEGF-C,time1,20,17,-0.04056061868025328,"[-0.49, 0.42]",0.8690510797559732,0.9703503591511806,False
Lymfos,VEGF-C,time1,20,17,-0.18170314938985374,"[-0.59, 0.30]",0.4565817640936757,0.9320303772326995,False
Monos,VEGF-C,time1,20,17,-0.19845453410172673,"[-0.60, 0.28]",0.4153786259531148,0.9320303772326995,False
Eosin,VEGF-C,time1,20,17,-0.09333309688978718,"[-0.53, 0.38]",0.7039145260456312,0.9434233436262147,False
Basof,VEGF-C,time1,20,17,-0.36145612623202406,"[-0.70, 0.11]",0.1283754824969568,0.9057854731763048,False
Lactic acid,VEGF-C,time1,20,17,0.20002173019125613,"[-0.28, 0.60]",0.41162914955495744,0.9320303772326995,False
Leuk,PlGF,time1,20,17,-0.19076795004805955,"[-0.59, 0.29]",0.43403159429901406,0.9320303772326995,False
Eryt,PlGF,time1,20,17,0.21971134036596482,"[-0.26, 0.61]",0.36610321397855783,0.9320303772326995,False
Hb,PlGF,time1,20,17,0.0256964954096975,"[-0.43, 0.47]",0.9168353407633689,0.9737129747562666,False
HKR,PlGF,time1,20,17,0.09676795171253708,"[-0.37, 0.53]",0.6935123135658214,0.9434233436262147,False
MCV,PlGF,time1,20,17,-0.24702708892019223,"[-0.63, 0.23]",0.3079282692925663,0.9320303772326995,False
MCH,PlGF,time1,20,17,-0.2292395763520861,"[-0.62, 0.25]",0.3451438454658784,0.9320303772326995,False
Trom,PlGF,time1,20,17,-0.14793507451147225,"[-0.56, 0.33]",0.5455792913935311,0.9320303772326995,False
Neutr,PlGF,time1,20,17,-0.17567539232134113,"[-0.58, 0.30]",0.4719008421034959,0.9320303772326995,False
Lymfos,PlGF,time1,20,17,-0.09058303817396304,"[-0.52, 0.38]",0.7122794235504177,0.9434233436262147,False
Monos,PlGF,time1,20,17,0.03697685747256433,"[-0.42, 0.48]",0.88053837627153,0.9713210527266568,False
Eosin,PlGF,time1,20,17,0.2731823890450546,"[-0.21, 0.65]",0.2577914733177364,0.9320303772326995,False
Basof,PlGF,time1,20,17,-0.2633488476469577,"[-0.64, 0.22]",0.27599767257145114,0.9320303772326995,False
Lactic acid,PlGF,time1,20,17,0.09322847027036488,"[-0.38, 0.53]",0.7042321825166882,0.9434233436262147,False
Leuk,IL-13,time1,20,17,0.169740962193349,"[-0.31, 0.58]",0.4872300512942239,0.9320303772326995,False
Eryt,IL-13,time1,20,17,-0.20827144585783544,"[-0.61, 0.27]",0.39219545273458734,0.9320303772326995,False
Hb,IL-13,time1,20,17,-0.35606589150969725,"[-0.70, 0.12]",0.1345930427051259,0.9057854731763048,False
HKR,IL-13,time1,20,17,-0.22105870419601936,"[-0.61, 0.26]",0.36309648668838357,0.9320303772326995,False
MCV,IL-13,time1,20,17,-0.22484517286089495,"[-0.62, 0.26]",0.3547222718815356,0.9320303772326995,False
MCH,IL-13,time1,20,17,-0.03461121814889635,"[-0.48, 0.43]",0.8881338119055537,0.9714723715309407,False
Trom,IL-13,time1,20,17,0.04887109529946846,"[-0.41, 0.49]",0.8425129807429643,0.962896375916522,False
Neutr,IL-13,time1,20,17,0.08476346724417017,"[-0.38, 0.52]",0.7300839556140073,0.9434233436262147,False
Lymfos,IL-13,time1,20,17,-0.147729296686957,"[-0.56, 0.33]",0.5461444970662199,0.9320303772326995,False
Monos,IL-13,time1,20,17,0.3147521733634433,"[-0.16, 0.67]",0.18935498239566875,0.9320303772326995,False
Eosin,IL-13,time1,20,17,-0.05388180124010882,"[-0.50, 0.41]",0.826588512911819,0.962896375916522,False
Basof,IL-13,time1,20,17,0.24222824107791727,"[-0.24, 0.63]",0.3177213938367903,0.9320303772326995,False
Lactic acid,IL-13,time1,20,17,-0.060482011358508975,"[-0.50, 0.40]",0.805711895294364,0.9587517841580944,False
Leuk,ICAM-1,time1,20,17,-0.10221193873264094,"[-0.53, 0.37]",0.6771332061001083,0.9434233436262147,False
Eryt,ICAM-1,time1,20,17,0.2094075921565201,"[-0.27, 0.61]",0.389559334534446,0.9320303772326995,False
Hb,ICAM-1,time1,20,17,-0.00982051456138659,"[-0.46, 0.45]",0.9681718756192349,0.9929941734017772,False
HKR,ICAM-1,time1,20,17,0.05727713284842901,"[-0.41, 0.50]",0.8158341831508862,0.962896375916522,False
MCV,ICAM-1,time1,20,17,-0.2563352493998083,"[-0.64, 0.22]",0.28945706214544703,0.9320303772326995,False
MCH,ICAM-1,time1,20,17,-0.1543985576008787,"[-0.57, 0.32]",0.5279617771238543,0.9320303772326995,False
Trom,ICAM-1,time1,20,17,-0.07904658512655818,"[-0.51, 0.39]",0.7477040491065943,0.9434233436262147,False
Neutr,ICAM-1,time1,20,17,-0.07106997575306583,"[-0.51, 0.40]",0.7724886296233032,0.9434233436262147,False
Lymfos,ICAM-1,time1,20,17,-0.11218437522849943,"[-0.54, 0.36]",0.6474908412856901,0.9434233436262147,False
Monos,ICAM-1,time1,20,17,-0.07669816441737622,"[-0.51, 0.39]",0.7549775555555992,0.9434233436262147,False
Eosin,ICAM-1,time1,20,17,0.03188980651688882,"[-0.43, 0.48]",0.8968830575310833,0.9715961576092906,False
Basof,ICAM-1,time1,20,17,-0.07357097979491023,"[-0.51, 0.39]",0.7646936751568856,0.9434233436262147,False
Lactic acid,ICAM-1,time1,20,17,0.032616431691031816,"[-0.43, 0.48]",0.8945458262739657,0.9714723715309407,False
Leuk,IL-10,time1,20,17,0.07837647234772602,"[-0.39, 0.51]",0.7497774652242044,0.9434233436262147,False
Eryt,IL-10,time1,20,17,-0.22214058765835945,"[-0.61, 0.26]",0.36069239348057913,0.9320303772326995,False
Hb,IL-10,time1,20,17,-0.13174361289621817,"[-0.55, 0.34]",0.5908365177053772,0.9434233436262147,False
HKR,IL-10,time1,20,17,0.002845179195624172,"[-0.45, 0.46]",0.9907767847964617,0.9996911122039533,False
MCV,IL-10,time1,20,17,0.3089422599909627,"[-0.17, 0.67]",0.19809910412185167,0.9320303772326995,False
MCH,IL-10,time1,20,17,0.28366171323963096,"[-0.20, 0.65]",0.2392433889469638,0.9320303772326995,False
Trom,IL-10,time1,20,17,0.1881754911458498,"[-0.29, 0.59]",0.44042025186310485,0.9320303772326995,False
Neutr,IL-10,time1,20,17,-0.06714788846318483,"[-0.51, 0.40]",0.7847545738791597,0.9513651463457113,False
Lymfos,IL-10,time1,20,17,0.2899754966028602,"[-0.19, 0.66]",0.2284922826604635,0.9320303772326995,False
Monos,IL-10,time1,20,17,-0.07138514883727526,"[-0.51, 0.40]",0.7715051541541851,0.9434233436262147,False
Eosin,IL-10,time1,20,17,0.137228841746228,"[-0.34, 0.56]",0.5753298309125507,0.9434233436262147,False
Basof,IL-10,time1,20,17,0.1707827822960704,"[-0.31, 0.58]",0.48452138923178145,0.9320303772326995,False
Lactic acid,IL-10,time1,20,17,-0.15727865936404148,"[-0.57, 0.32]",0.5201973771790176,0.9320303772326995,False
Leuk,IL-15,time1,20,17,-0.24616991473876929,"[-0.63, 0.23]",0.3096640651804779,0.9320303772326995,False
Eryt,IL-15,time1,20,17,-0.17769086052930153,"[-0.58, 0.30]",0.46675026536769715,0.9320303772326995,False
Hb,IL-15,time1,20,17,-0.47593675508390926,"[-0.76, -0.03]",0.03941924853658194,0.84782515712751,False
HKR,IL-15,time1,20,17,-0.15150615247175891,"[-0.57, 0.33]",0.5358129226820236,0.9320303772326995,False
MCV,IL-15,time1,20,17,-0.07101250871827822,"[-0.51, 0.40]",0.7726679873137776,0.9434233436262147,False
MCH,IL-15,time1,20,17,-0.1230545464786283,"[-0.55, 0.35]",0.6157502234225771,0.9434233436262147,False
Trom,IL-15,time1,20,17,-0.18412811351271063,"[-0.59, 0.29]",0.450491432159683,0.9320303772326995,False
Neutr,IL-15,time1,20,17,-0.2973412526471781,"[-0.66, 0.18]",0.2163511129883342,0.9320303772326995,False
Lymfos,IL-15,time1,20,17,0.16654016138809413,"[-0.31, 0.58]",0.49559813991772494,0.9320303772326995,False
Monos,IL-15,time1,20,17,-0.05588391767741145,"[-0.50, 0.41]",0.8202433342749812,0.962896375916522,False
Eosin,IL-15,time1,20,17,-0.22282095915077116,"[-0.61, 0.26]",0.3591851744055695,0.9320303772326995,False
Basof,IL-15,time1,20,17,-0.2917512520074288,"[-0.66, 0.19]",0.22552580348071719,0.9320303772326995,False
Lactic acid,IL-15,time1,20,17,-0.244681320088514,"[-0.63, 0.24]",0.31269241987897534,0.9320303772326995,False
Leuk,IL-12/IL-23p40,time1,20,17,-0.08822406540289467,"[-0.52, 0.38]",0.7194799394403817,0.9434233436262147,False
Eryt,IL-12/IL-23p40,time1,20,17,-0.4600638517368001,"[-0.76, -0.01]",0.047481399833368604,0.9057854731763048,False
Hb,IL-12/IL-23p40,time1,20,17,-0.49842758755637245,"[-0.78, -0.06]",0.029851945908379036,0.8353489929906648,False
HKR,IL-12/IL-23p40,time1,20,17,-0.48046699891885086,"[-0.77, -0.03]",0.037324192411573184,0.84782515712751,False
MCV,IL-12/IL-23p40,time1,20,17,-0.0759949905753265,"[-0.51, 0.39]",0.7571592952026389,0.9434233436262147,False
MCH,IL-12/IL-23p40,time1,20,17,0.03419580961610821,"[-0.43, 0.48]",0.8894685601315662,0.9714723715309407,False
Trom,IL-12/IL-23p40,time1,20,17,0.2621973493771435,"[-0.22, 0.64]",0.2781803698136056,0.9320303772326995,False
Neutr,IL-12/IL-23p40,time1,20,17,-0.2693275367719166,"[-0.64, 0.21]",0.26483599360577786,0.9320303772326995,False
Lymfos,IL-12/IL-23p40,time1,20,17,0.20024431389918976,"[-0.28, 0.60]",0.41109810798091406,0.9320303772326995,False
Monos,IL-12/IL-23p40,time1,20,17,-0.2103024170770975,"[-0.61, 0.27]",0.3874900492053591,0.9320303772326995,False
Eosin,IL-12/IL-23p40,time1,20,17,-0.1207208371016698,"[-0.55, 0.35]",0.6225121886214878,0.9434233436262147,False
Basof,IL-12/IL-23p40,time1,20,17,0.28875699341812133,"[-0.19, 0.66]",0.23054237878770623,0.9320303772326995,False
Lactic acid,IL-12/IL-23p40,time1,20,17,0.04713883716512184,"[-0.42, 0.49]",0.8480322108420917,0.962896375916522,False
Leuk,GM-CSF,time1,20,17,-0.049192258454813884,"[-0.49, 0.41]",0.8414904718472951,0.962896375916522,False
Eryt,GM-CSF,time1,20,17,-0.0914901814620243,"[-0.52, 0.38]",0.7095166196360421,0.9434233436262147,False
Hb,GM-CSF,time1,20,17,-0.18939919093572816,"[-0.59, 0.29]",0.43739857613789224,0.9320303772326995,False
HKR,GM-CSF,time1,20,17,0.07131839309454566,"[-0.40, 0.51]",0.7717134329643731,0.9434233436262147,False
MCV,GM-CSF,time1,20,17,0.09108605666201457,"[-0.38, 0.52]",0.7107469995122327,0.9434233436262147,False
MCH,GM-CSF,time1,20,17,0.1110539816890394,"[-0.36, 0.54]",0.650826448616767,0.9434233436262147,False
Trom,GM-CSF,time1,20,17,-0.37903236513951166,"[-0.71, 0.09]",0.10951351890430643,0.9057854731763048,False
Neutr,GM-CSF,time1,20,17,-0.15904462440734873,"[-0.57, 0.32]",0.5154631707980242,0.9320303772326995,False
Lymfos,GM-CSF,time1,20,17,0.027558295742904474,"[-0.43, 0.48]",0.9108318556473547,0.9737129747562666,False
Monos,GM-CSF,time1,20,17,-0.013162748550924164,"[-0.46, 0.44]",0.9573479409214762,0.9929941734017772,False
Eosin,GM-CSF,time1,20,17,-0.08206826520436647,"[-0.52, 0.39]",0.7383753481927813,0.9434233436262147,False
Basof,GM-CSF,time1,20,17,-0.2587158829059522,"[-0.64, 0.22]",0.2848442966579884,0.9320303772326995,False
Lactic acid,GM-CSF,time1,20,17,-0.19332908999325846,"[-0.60, 0.29]",0.4277682254100399,0.9320303772326995,False
Leuk,TNF-β,time1,20,17,0.1542056836530192,"[-0.32, 0.57]",0.5284836510303919,0.9320303772326995,False
Eryt,TNF-β,time1,20,17,-0.36854599824411194,"[-0.70, 0.10]",0.12050990664012232,0.9057854731763048,False
Hb,TNF-β,time1,20,17,-0.13996398824916095,"[-0.56, 0.34]",0.5676635591788322,0.9434233436262147,False
HKR,TNF-β,time1,20,17,-0.12391520176838906,"[-0.55, 0.35]",0.6132638839671415,0.9434233436262147,False
MCV,TNF-β,time1,20,17,0.28062252721440656,"[-0.20, 0.65]",0.24453208886137195,0.9320303772326995,False
MCH,TNF-β,time1,20,17,0.37186017634924906,"[-0.10, 0.71]",0.1169531672327193,0.9057854731763048,False
Trom,TNF-β,time1,20,17,0.17219046907611146,"[-0.31, 0.58]",0.48087331522761334,0.9320303772326995,False
Neutr,TNF-β,time1,20,17,0.07183143016085256,"[-0.40, 0.51]",0.7701131354936805,0.9434233436262147,False
Lymfos,TNF-β,time1,20,17,-0.08538275263621023,"[-0.52, 0.38]",0.7281828217656663,0.9434233436262147,False
Monos,TNF-β,time1,20,17,0.11561343902317438,"[-0.36, 0.54]",0.637411729410194,0.9434233436262147,False
Eosin,TNF-β,time1,20,17,0.17522558428698073,"[-0.30, 0.58]",0.4730542071309578,0.9320303772326995,False
Basof,TNF-β,time1,20,17,0.11190102194301636,"[-0.36, 0.54]",0.6483263699104275,0.9434233436262147,False
Lactic acid,TNF-β,time1,20,17,0.07625839727717504,"[-0.39, 0.51]",0.7563418154862451,0.9434233436262147,False
Leuk,TARC,time1,20,17,0.048271532892364036,"[-0.42, 0.49]",0.8444224928251433,0.962896375916522,False
Eryt,TARC,time1,20,17,-0.5027443386902188,"[-0.78, -0.06]",0.02824362284530533,0.8353489929906648,False
Hb,TARC,time1,20,17,-0.21072586437658591,"[-0.61, 0.27]",0.38651295255572393,0.9320303772326995,False
HKR,TARC,time1,20,17,-0.3789804081994072,"[-0.71, 0.09]",0.10956616008942495,0.9057854731763048,False
MCV,TARC,time1,20,17,0.2804922190609666,"[-0.20, 0.65]",0.24476049993311483,0.9320303772326995,False
MCH,TARC,time1,20,17,0.6887503639534591,"[0.34, 0.87]",0.0011100937266345047,0.49066142717245104,False
Trom,TARC,time1,20,17,0.12181430954231565,"[-0.35, 0.55]",0.6193401866416708,0.9434233436262147,False
Neutr,TARC,time1,20,17,0.006362449989059169,"[-0.45, 0.46]",0.9793765205554461,0.9929941734017772,False
Lymfos,TARC,time1,20,17,-0.016043604566249797,"[-0.47, 0.44]",0.9480238579437048,0.9929538986045439,False
Monos,TARC,time1,20,17,0.15123971785342635,"[-0.33, 0.57]",0.536538809412169,0.9320303772326995,False
Eosin,TARC,time1,20,17,0.10111085496393653,"[-0.37, 0.53]",0.6804350994061976,0.9434233436262147,False
Basof,TARC,time1,20,17,-0.1304901556956642,"[-0.55, 0.34]",0.5944043711359137,0.9434233436262147,False
Lactic acid,TARC,time1,20,17,0.2061018919040072,"[-0.27, 0.60]",0.3972565154330031,0.9320303772326995,False
Leuk,VEGF-D,time1,20,17,-0.3027970829110208,"[-0.67, 0.18]",0.20763532261710038,0.9320303772326995,False
Eryt,VEGF-D,time1,20,17,-0.21986381323200252,"[-0.61, 0.26]",0.3657622550469045,0.9320303772326995,False
Hb,VEGF-D,time1,20,17,-0.14976512565333366,"[-0.57, 0.33]",0.5405643632037704,0.9320303772326995,False
HKR,VEGF-D,time1,20,17,-0.3983623946130502,"[-0.72, 0.07]",0.09116293262382946,0.9057854731763048,False
MCV,VEGF-D,time1,20,17,-0.1282839451599178,"[-0.55, 0.35]",0.6007057684382215,0.9434233436262147,False
MCH,VEGF-D,time1,20,17,0.16033504780342056,"[-0.32, 0.57]",0.5120167013353172,0.9320303772326995,False
Trom,VEGF-D,time1,20,17,0.2144235044615813,"[-0.27, 0.61]",0.3780389483810108,0.9320303772326995,False
Neutr,VEGF-D,time1,20,17,-0.40624812615541167,"[-0.73, 0.06]",0.08436199355603946,0.9057854731763048,False
Lymfos,VEGF-D,time1,20,17,0.19746013172108368,"[-0.28, 0.60]",0.4177671779590104,0.9320303772326995,False
Monos,VEGF-D,time1,20,17,-0.20107731645831992,"[-0.60, 0.28]",0.4091140079828107,0.9320303772326995,False
Eosin,VEGF-D,time1,20,17,0.16702137627781824,"[-0.31, 0.58]",0.49433563049191975,0.9320303772326995,False
Basof,VEGF-D,time1,20,17,-0.03793421234799212,"[-0.48, 0.42]",0.8774673649790499,0.9713210527266568,False
Lactic acid,VEGF-D,time1,20,17,0.22860580543186537,"[-0.25, 0.62]",0.3465159349296001,0.9320303772326995,False
Leuk,IL-2,time1,20,17,-0.14389944648239084,"[-0.56, 0.33]",0.5567116821893853,0.9434233436262147,False
Eryt,IL-2,time1,20,17,-0.4702029999844434,"[-0.76, -0.02]",0.04219944220996656,0.84782515712751,False
Hb,IL-2,time1,20,17,-0.2755196942325511,"[-0.65, 0.20]",0.25357825046359356,0.9320303772326995,False
HKR,IL-2,time1,20,17,-0.2709400369843153,"[-0.65, 0.21]",0.26187473203976147,0.9320303772326995,False
MCV,IL-2,time1,20,17,0.2791815969556732,"[-0.20, 0.65]",0.24706539005427713,0.9320303772326995,False
MCH,IL-2,time1,20,17,0.3305594929557112,"[-0.15, 0.68]",0.16688512909775863,0.9320303772326995,False
Trom,IL-2,time1,20,17,0.22251763181561718,"[-0.26, 0.61]",0.35985668715567976,0.9320303772326995,False
Neutr,IL-2,time1,20,17,-0.2733353870214988,"[-0.65, 0.21]",0.257514338854987,0.9320303772326995,False
Lymfos,IL-2,time1,20,17,0.049826049937357,"[-0.41, 0.49]",0.8394733410006427,0.962896375916522,False
Monos,IL-2,time1,20,17,-0.10822131681704711,"[-0.54, 0.36]",0.6592130235319513,0.9434233436262147,False
Eosin,IL-2,time1,20,17,-0.20930171107886986,"[-0.61, 0.27]",0.38980458811422847,0.9320303772326995,False
Basof,IL-2,time1,20,17,-0.011323803663455794,"[-0.46, 0.45]",0.9633026564524615,0.9929941734017772,False
Lactic acid,IL-2,time1,20,17,0.25847795712208543,"[-0.22, 0.64]",0.285303263058221,0.9320303772326995,False
Leuk,IP-10,time1,20,17,1.7861552172219518e-17,"[-0.45, 0.45]",1.0,1.0,False
Eryt,IP-10,time1,20,17,-0.37695322538494036,"[-0.71, 0.09]",0.11163424461870816,0.9057854731763048,False
Hb,IP-10,time1,20,17,-0.08317607854302711,"[-0.52, 0.39]",0.7349639181772345,0.9434233436262147,False
HKR,IP-10,time1,20,17,-0.19093501441860689,"[-0.59, 0.29]",0.4336215703964217,0.9320303772326995,False
MCV,IP-10,time1,20,17,0.41754786216940804,"[-0.05, 0.73]",0.0752767037237392,0.9057854731763048,False
MCH,IP-10,time1,20,17,0.5725202424777415,"[0.16, 0.81]",0.01041305331992196,0.7890914723169496,False
Trom,IP-10,time1,20,17,0.14865145372251531,"[-0.33, 0.56]",0.5436136869538359,0.9320303772326995,False
Neutr,IP-10,time1,20,17,0.054470279924411794,"[-0.41, 0.50]",0.8247223994450965,0.962896375916522,False
Lymfos,IP-10,time1,20,17,-0.06481084204973885,"[-0.50, 0.40]",0.7920868186769724,0.9513651463457113,False
Monos,IP-10,time1,20,17,-0.12396714063645382,"[-0.55, 0.35]",0.6131139671446768,0.9434233436262147,False
Eosin,IP-10,time1,20,17,0.24781956167504496,"[-0.23, 0.63]",0.3063287096940453,0.9320303772326995,False
Basof,IP-10,time1,20,17,-0.15214815734784679,"[-0.57, 0.32]",0.5340656634970866,0.9320303772326995,False
Lactic acid,IP-10,time1,20,17,0.43406973932706333,"[-0.03, 0.74]",0.06332597017570471,0.9057854731763048,False
Leuk,IL-7,time1,20,17,0.13209376826979466,"[-0.34, 0.55]",0.5898414341441679,0.9434233436262147,False
Eryt,IL-7,time1,20,17,-0.4735994348280033,"[-0.76, -0.02]",0.040534997015149496,0.84782515712751,False
Hb,IL-7,time1,20,17,-0.19709243407463203,"[-0.60, 0.28]",0.4186522444446865,0.9320303772326995,False
HKR,IL-7,time1,20,17,-0.19760896578613898,"[-0.60, 0.28]",0.41740921193152014,0.9320303772326995,False
MCV,IL-7,time1,20,17,0.31790349520915673,"[-0.16, 0.67]",0.1847219500954327,0.9320303772326995,False
MCH,IL-7,time1,20,17,0.6414898823774985,"[0.26, 0.85]",0.0030725865829399923,0.5920702214719026,False
Trom,IL-7,time1,20,17,-0.11844780211649072,"[-0.54, 0.35]",0.6291262891790914,0.9434233436262147,False
Neutr,IL-7,time1,20,17,0.12757784070508957,"[-0.35, 0.55]",0.6027283255919043,0.9434233436262147,False
Lymfos,IL-7,time1,20,17,-0.15520472907516358,"[-0.57, 0.32]",0.5257830437318578,0.9320303772326995,False
Monos,IL-7,time1,20,17,-0.0333852219182542,"[-0.48, 0.43]",0.8920738745130112,0.9714723715309407,False
Eosin,IL-7,time1,20,17,-0.1046172200373995,"[-0.53, 0.37]",0.6699399760998536,0.9434233436262147,False
Basof,IL-7,time1,20,17,-0.19190373452718926,"[-0.59, 0.29]",0.4312480683726848,0.9320303772326995,False
Lactic acid,IL-7,time1,20,17,-0.05281343522463183,"[-0.50, 0.41]",0.8299786568948537,0.962896375916522,False
Leuk,Eotaxin,time1,20,17,-0.3003527377978363,"[-0.66, 0.18]",0.2115111289741641,0.9320303772326995,False
Eryt,Eotaxin,time1,20,17,-0.1144554792552064,"[-0.54, 0.36]",0.6408086433402502,0.9434233436262147,False
Hb,Eotaxin,time1,20,17,-0.17159096416503528,"[-0.58, 0.31]",0.4824252910271244,0.9320303772326995,False
HKR,Eotaxin,time1,20,17,-0.052972592710566965,"[-0.50, 0.41]",0.8294734337920404,0.962896375916522,False
MCV,Eotaxin,time1,20,17,0.0796855353028456,"[-0.39, 0.52]",0.7457285972795126,0.9434233436262147,False
MCH,Eotaxin,time1,20,17,0.2021570652079802,"[-0.28, 0.60]",0.40654991427163334,0.9320303772326995,False
Trom,Eotaxin,time1,20,17,-0.09675489574440121,"[-0.53, 0.37]",0.693551754793031,0.9434233436262147,False
Neutr,Eotaxin,time1,20,17,-0.28904342330262034,"[-0.66, 0.19]",0.23005940486922546,0.9320303772326995,False
Lymfos,Eotaxin,time1,20,17,0.002385937496963208,"[-0.45, 0.46]",0.9922654618047062,0.9996911122039533,False
Monos,Eotaxin,time1,20,17,-0.07889095216845438,"[-0.51, 0.39]",0.7481854504577914,0.9434233436262147,False
Eosin,Eotaxin,time1,20,17,-0.04807914572194254,"[-0.49, 0.42]",0.8450353923465284,0.962896375916522,False
Basof,Eotaxin,time1,20,17,-0.530130875070951,"[-0.79, -0.10]",0.019555417618540797,0.8353489929906648,False
Lactic acid,Eotaxin,time1,20,17,0.10069257934960507,"[-0.37, 0.53]",0.6816908745742152,0.9434233436262147,False
Leuk,IL-6,time1,20,17,0.38130105227054806,"[-0.09, 0.71]",0.10723261802370214,0.9057854731763048,False
Eryt,IL-6,time1,20,17,-0.31358189573441075,"[-0.67, 0.16]",0.19109513574821935,0.9320303772326995,False
Hb,IL-6,time1,20,17,-0.11556305269337835,"[-0.54, 0.36]",0.6375593960860026,0.9434233436262147,False
HKR,IL-6,time1,20,17,-0.06281886988693833,"[-0.50, 0.40]",0.7983496716766335,0.9556914245916976,False
MCV,IL-6,time1,20,17,0.4363890581835273,"[-0.02, 0.74]",0.06176965998018755,0.9057854731763048,False
MCH,IL-6,time1,20,17,0.40896383824765137,"[-0.06, 0.73]",0.0821084948603768,0.9057854731763048,False
Trom,IL-6,time1,20,17,-0.047932516862375416,"[-0.49, 0.42]",0.8455025740897204,0.962896375916522,False
Neutr,IL-6,time1,20,17,0.301472368996077,"[-0.18, 0.66]",0.20972996595572183,0.9320303772326995,False
Lymfos,IL-6,time1,20,17,0.16067532401419596,"[-0.32, 0.57]",0.5111097137400458,0.9320303772326995,False
Monos,IL-6,time1,20,17,0.13880504060350957,"[-0.34, 0.56]",0.5709065152454398,0.9434233436262147,False
Eosin,IL-6,time1,20,17,0.22783872202841576,"[-0.25, 0.62]",0.3481808540178353,0.9320303772326995,False
Basof,IL-6,time1,20,17,-0.013261369851815695,"[-0.46, 0.44]",0.9570286521779243,0.9929941734017772,False
Lactic acid,IL-6,time1,20,17,-0.17018616672994688,"[-0.58, 0.31]",0.48607164140491177,0.9320303772326995,False
Leuk,IL-4,time1,20,17,0.1425660493987581,"[-0.33, 0.56]",0.5604118550073796,0.9434233436262147,False
Eryt,IL-4,time1,20,17,-0.4128340595036692,"[-0.73, 0.05]",0.07897399587981128,0.9057854731763048,False
Hb,IL-4,time1,20,17,-0.38977481666103236,"[-0.72, 0.08]",0.09901514694648515,0.9057854731763048,False
HKR,IL-4,time1,20,17,-0.31303721665445355,"[-0.67, 0.16]",0.19190868350008253,0.9320303772326995,False
MCV,IL-4,time1,20,17,-0.03007917308586535,"[-0.48, 0.43]",0.9027105619815634,0.9715961576092906,False
MCH,IL-4,time1,20,17,0.11178287436381926,"[-0.36, 0.54]",0.6486748726336578,0.9434233436262147,False
Trom,IL-4,time1,20,17,-0.10066483376857133,"[-0.53, 0.37]",0.6817742026090565,0.9434233436262147,False
Neutr,IL-4,time1,20,17,0.046035451734816345,"[-0.42, 0.49]",0.8515513093616177,0.962896375916522,False
Lymfos,IL-4,time1,20,17,0.15596632455552828,"[-0.32, 0.57]",0.5237286249682196,0.9320303772326995,False
Monos,IL-4,time1,20,17,0.03010768265158802,"[-0.43, 0.48]",0.9026187665650302,0.9715961576092906,False
Eosin,IL-4,time1,20,17,-0.31684394136680194,"[-0.67, 0.16]",0.18627110444858694,0.9320303772326995,False
Basof,IL-4,time1,20,17,-0.07993448684132566,"[-0.52, 0.39]",0.7449593203500385,0.9434233436262147,False
Lactic acid,IL-4,time1,20,17,-0.28026089138983784,"[-0.65, 0.20]",0.24516631832214064,0.9320303772326995,False
Leuk,MCP-1,time1,20,17,0.04346602455766219,"[-0.42, 0.49]",0.8597564598746379,0.965213428038037,False
Eryt,MCP-1,time1,20,17,-0.37435881154680495,"[-0.71, 0.10]",0.11432160890519161,0.9057854731763048,False
Hb,MCP-1,time1,20,17,-0.18418396708859178,"[-0.59, 0.29]",0.45035164967129804,0.9320303772326995,False
HKR,MCP-1,time1,20,17,-0.42336661423776323,"[-0.74, 0.04]",0.07089156095378231,0.9057854731763048,False
MCV,MCP-1,time1,20,17,-0.09170030432475773,"[-0.52, 0.38]",0.7088771608458708,0.9434233436262147,False
MCH,MCP-1,time1,20,17,0.3599968834423913,"[-0.11, 0.70]",0.13003828726686673,0.9057854731763048,False
Trom,MCP-1,time1,20,17,0.03318999670436811,"[-0.43, 0.48]",0.8927015081401974,0.9714723715309407,False
Neutr,MCP-1,time1,20,17,0.11343991165628353,"[-0.36, 0.54]",0.643793485012167,0.9434233436262147,False
Lymfos,MCP-1,time1,20,17,-0.2554501817092752,"[-0.64, 0.22]",0.2911835705825514,0.9320303772326995,False
Monos,MCP-1,time1,20,17,-0.08038033632369462,"[-0.52, 0.39]",0.7435821934910658,0.9434233436262147,False
Eosin,MCP-1,time1,20,17,0.16482429036359897,"[-0.31, 0.58]",0.5001125723155355,0.9320303772326995,False
Basof,MCP-1,time1,20,17,-0.19328944076224916,"[-0.60, 0.29]",0.42786482313238217,0.9320303772326995,False
Lactic acid,MCP-1,time1,20,17,0.401542059476439,"[-0.06, 0.72]",0.08837417670867467,0.9057854731763048,False
Leuk,VEGF,time1,20,17,-0.026307530442395945,"[-0.47, 0.43]",0.9148645316679,0.9737129747562666,False
Eryt,VEGF,time1,20,17,-0.40519796486132703,"[-0.73, 0.06]",0.08524548627976328,0.9057854731763048,False
Hb,VEGF,time1,20,17,-0.2491482187748112,"[-0.63, 0.23]",0.30365814177900197,0.9320303772326995,False
HKR,VEGF,time1,20,17,-0.14992414396895307,"[-0.57, 0.33]",0.5401295931493306,0.9320303772326995,False
MCV,VEGF,time1,20,17,0.2783413786543132,"[-0.20, 0.65]",0.24855025546766082,0.9320303772326995,False
MCH,VEGF,time1,20,17,0.2579535084545619,"[-0.22, 0.64]",0.2863165441929021,0.9320303772326995,False
Trom,VEGF,time1,20,17,0.2230845520132706,"[-0.26, 0.61]",0.35860220813043464,0.9320303772326995,False
Neutr,VEGF,time1,20,17,0.010739864693066717,"[-0.45, 0.46]",0.9651939217035539,0.9929941734017772,False
Lymfos,VEGF,time1,20,17,-0.3253683141042463,"[-0.68, 0.15]",0.17405305777533908,0.9320303772326995,False
Monos,VEGF,time1,20,17,-0.07325186122105569,"[-0.51, 0.39]",0.7656870936115858,0.9434233436262147,False
Eosin,VEGF,time1,20,17,-0.07352192772631243,"[-0.51, 0.39]",0.7648463517659563,0.9434233436262147,False
Basof,VEGF,time1,20,17,-0.33212196651050147,"[-0.68, 0.14]",0.1647677418366448,0.9320303772326995,False
Lactic acid,VEGF,time1,20,17,0.3284275169178892,"[-0.15, 0.68]",0.1698041264526545,0.9320303772326995,False
